Reactants,Products,,R?reduction(COOH-OH); EH: eliminate hydrogen; BT: double bond transfer; AH: add hydrogen;DH?decrease hydrogen; H:hydrolysis; AS: add substance
CCCCCC/C=C/C(=O)O,CCCCCC/C=C/CO,,R
c1ccc2c(c1)CCCC2,c1ccc2ccccc2c1,,EH
CC=CCCCCCCCCCC(=O)O,CCCCCCCCCCC=CC(=O)O,,BT
COC1=CC=CC=CC1,COC1C=CC=CC=C1,,BT
CCCCCc1ccc(O)cc1,CCCCCC1CCC(O)CC1,,AH
C#CC(C)(O)C=CC(C)CC,C=CC(C)(O)C=CC(C)CC,,AH
CC1CC=C(C(=O)O)CC1,CC1=CCC(C(=O)O)CC1,,BT
COc1cc(SC#N)ccc1O,COc1cc(SC)ccc1O,,R
CC(C)(C)C1CCCC(N)C1,CC(C)(C)c1cccc(N)c1,,AH
O=C(O)C=Cc1ccccc1,O=C(O)C#Cc1ccccc1,,DH
CC1(C)COC(=O)C1=O,CC1(C)COC(=O)C1O,,R
COC(=O)CCCCC=O,O=CCCCCC(=O)O,,HR
O=C(NCCO)c1cnccn1,O=C(NCCO)C1CNCCN1,,AH
CC(=O)C1=CCN(C)CC1,CC(=O)C1=CCNCC1,,
C=CCNC(=S)NCC=C,C=CCN=C=NCC=C,,EH
C=CCCCCCCCCCC,C#CCCCCCCCCCC,,EH
C=C(C)C(=O)N=C=O.CN,C=C(C)C(=O)NC(=O)NC,,AS
OCc1cccc2cccnc12,OCc1cccc2c1NCCC2,,AH
CCCCCCCCCCCCCO,CCCCCCCCCCCCO,,
CC1CC(=O)CC(=O)C1.N,CC1CC(=O)C=C(N)C1,,
c1ccc(C2CO2)cc1,OCCc1ccccc1,,
CCCCC(=O)CCC(C)=O,CCCCC(=O)CCC(C)O,,
Nc1ccc2c(c1)CCC2,c1ccc2c(c1)CCC2,,
c1ccc(C2CO2)cc1,OCCc1ccccc1,,
CC1(O)Cc2ccccc2C1,CC1=Cc2ccccc2C1,,
CCCCCCC(C)NC(C)=O,CCCCCCC(C)NCC,,
C#CCO.C=C(C)C(=O)O,C#CCOC(=O)C(=C)C,,
CCC1CCNc2cc(OC)ccc21,CCC1CCNc2cc(O)ccc21,,
COC(=O)CCCCC=O,O=CCCCCC(=O)O,,
O=C(O)CC(CS)C(=O)O,O=C1CC(C(=O)O)CS1,,
O=C(O)c1cccc2occc12,O=C(O)c1cccc2c1CCO2,,
COc1cccc2c1OCC=C2,COc1cccc2c1OCCC2,,
C#CCC(CC#C)C(=O)OC,C#CCC(CC#C)C(=O)O,,
COC(CCC(CO)CO)OC,COC1CCC(CO)CO1,,
CC(C)N1CCN(C=O)CC1,CC(C)N1CCNCC1,,
c1ccc(C2CO2)cc1,OCCc1ccccc1,,
O=[N+]([O-])C=Cc1cccs1,O=[N+]([O-])CCc1cccs1,,
CC1(O)Cc2ccccc2C1,CC1=Cc2ccccc2C1,,
CC1(C)COC(=O)C1=O,CC1(C)COC(=O)C1O,,
O=Cc1ccc(O)cc1,OCc1ccc(O)cc1,,
CCCCCCCCCCCCCO,C=CCCCCCCCCCC,,
CCOc1cccnc1C(=O)O,CCOc1cccnc1CO,,
CC(C)S(=O)(=O)CC#N,CC(C)S(=O)(=O)CCN,,
CS(=O)(=O)Cc1ccccn1,CS(=O)(=O)CC1CCCCN1,,
O=C(O)C1CCCCC1,O=C(O)c1ccccc1,,
CC1(C)CCC(=NO)CC1,CC1(C)CCC(N)CC1,,
O=C(O)c1cccnc1O,OCc1cccnc1O,,
CCCCC/C=C/CCC=O,CCCCC/C=C/CCCO,,
COC(=O)COC/C=C/C=O,COC(=O)COC/C=C/CO,,
CC1(C)CCC(=NO)CC1,CC1(C)CCC(N)CC1,,
Cc1ccc(N)c(C(N)=O)c1,Cc1ccc(N)c(CN)c1,,
N#CCN1CCCC(O)C1,NCCN1CCCC(O)C1,,
COc1cccc2conc12,Oc1cccc2conc12,,
C#Cc1csc(C=O)c1,C#Cc1csc(CO)c1,,
Cc1ccc(N)c(C(N)=O)c1,Cc1ccc(N)c(CN)c1,,
O=C(O)Cc1ccccc1,O=C(O)CC1CCCCC1,,
CC1Cc2sccc2C(=O)N1,CC1Cc2sccc2CN1,,
O=C(O)CC1CCOCC1,OCCC1CCOCC1,,
O=C(O)c1cccc2occc12,O=C(O)c1cccc2c1CCO2,,
c1cc(OC2CCC2)ccn1,C1CC(OC2CCNCC2)C1,,
CC(O)(C#N)c1ccccn1,CC(O)(CN)c1ccccn1,,
CCc1cccc(OC)n1,CCc1cccc(O)n1,,
CCOC(=O)c1coc(C=O)n1,CCOC(=O)c1coc(CO)n1,,
CC(C)c1ccnc(C#N)c1,CC(C)c1ccnc(CN)c1,,
CC1(C)CCCCC1=NO,CC1(C)CCCCC1N,,
[N-]=[N+]=NC1CCC(=O)C1,[N-]=[N+]=NC1CCC(O)C1,,
Oc1cccc2cnccc12,Oc1cccc2c1CCNC2,,
CCNC(=O)C1=CCCC1,CCNCC1CCCC1,,
N#Cc1ccccc1C1CC1C=O,N#Cc1ccccc1C1CC1CO,,
Cn1cncc1C1=CCCCC1=O,Cn1cncc1C1CCCCC1O,,
Oc1cccc2cnccc12,Oc1cccc2c1CCNC2,,
CC=CC=CCCC(=O)OCC,CC=CC=CCCC(=O)O,,
Cn1cc2cccc(C#N)c2n1,Cn1cc2cccc(CN)c2n1,,
NC(=O)c1ccc(S)cc1,NC(=O)c1ccccc1,,
CCc1nc(C)ccc1C(=O)OC,CCc1nc(C)ccc1CO,,
CCP1(=O)CCCc2ccccc21,CCP1(=O)C=Cc2ccccc21,,
COC1CC(N)CCC1C,COc1cc(N)ccc1C,,
CCOc1cc(N)ccc1C,CCOC1CC(N)CCC1C,,
COc1ccc2c(O)cccc2c1,O=C1CCc2c(O)cccc2C1,,
CC1(C)CC(=O)C=C(O)C1,CC1(C)CC(=O)CC(=O)C1,,
CCc1nccnc1CC,C=Cc1nccnc1C,,
N.O=CCN1C=NCCC1,NCCN1C=NCCC1,,
O=C(O)c1nccnc1O,OCc1nccnc1O,,
Nc1ccc(C(=O)O)nn1,Nc1ccc(CO)nn1,,
Cc1nsc(C)c1C(=O)O,Cc1nsc(C)c1CO,,
CCCCCC#CCC(=O)OC,CCCCCC=CCC(=O)OC,,
OCCc1cnccn1,OCCC1CNCCN1,,
C=C(C)C(=O)OCC1CO1.O,C=C(C)C(=O)OCC(O)CO,,
CCCCCC/C=C/C=O,CCCCCC/C=C/CO,,
COP(=O)(CCOC(C)=O)OC,COP(=O)(CCO)OC,,
COP(=O)(CCOC(C)=O)OC,COP(=O)(CCO)OC,,
COP(=O)(CCOC(C)=O)OC,COP(=O)(CCO)OC,,
COP(=O)(CCOC(C)=O)OC,COP(=O)(CCO)OC,,
COC(=O)C(N=[N+]=[N-])OC,COC(N=[N+]=[N-])C(=O)O,,
C=CC(=C)CCC1OC1(C)C,C=CC(=C)CCCC(C)(C)O,,
Nc1nccc(O)c1C(=O)O,Nc1ncccc1C(=O)O,,
CC(=O)c1ccccn1,CC(O)c1ccccn1,,
CCCCCCC(C)=O,CCCCCCC(C)O,,
CC(=O)c1ccccc1,CC(O)c1ccccc1,,
N#CCCc1ccccn1,NCCCc1ccccn1,,
C=C(C)C=CCCC(=C)C,C=C(C)CC=CC=C(C)C,,
CC/C=C\C(=O)C(OC)OC,CC/C=C/C(=O)C(OC)OC,,
N#CCOC1CCCCO1,NCCOC1CCCCO1,,
C=CCCNC(C)(C)C#N,C=CCCNC(C)(C)CN,,
C#N.O=C1CCCCC1,N#CC1(O)CCCCC1,,
CCc1ccc2occc2c1,Cc1ccc2occc2c1,,
C1CC2CC3CCC2C(C1)C3,C1CC2CC3CC1CC(C2)C3,,
CCC=C=CCC(=O)OCC,CCC=CC=CC(=O)OCC,,
CN(C)CCC(=O)C1CC1,CNCCC(=O)C1CC1,,
C=Cc1ccc2ccccc2c1,C#Cc1ccc2ccccc2c1,,
Cc1ccc(C(=O)O)cc1,Cc1ccc(C=O)cc1,,
Cc1ccc(C(=O)O)cc1,Cc1ccc(C=O)cc1,,
Cc1ccc(C(=O)O)cc1,Cc1ccc(C=O)cc1,,
CCCCCCCCCCCC(=O)O,CCCCCCCCCCCCO,,
C=C=CC(C)C(=O)OCC,CCCC(C)C(=O)OCC,,
CCOC(C#CC(C)=CCO)OCC,CCOC(C=CC(C)=CCO)OCC,,
COC1CCCCC1=O,COc1ccccc1O,,
O=C1CC(=O)c2ccccc21,O=C1CC(O)c2ccccc21,,
COc1cccc2nscc12,Oc1cccc2nscc12,,
COc1cccc2csnc12,Oc1cccc2csnc12,,
Cn1cccc1CC(=O)O,Cn1cccc1CCO,,
N#CCCCc1ccccn1,NCCCCc1ccccn1,,
CC(=O)c1ccccn1,CC(O)c1ccccn1,,
COC(C)(C)CCCC(C)CC=O,COC(C)(C)CCCC(C)CCO,,
CCOC(C)(C)CCCC(C)=O,CCOC(C)(C)CCCC(C)O,,
Cc1cnc(C(=O)O)cn1.N,Cc1cnc(C(N)=O)cn1,,
CC(=O)OCCCCOC(C)=O,CC(=O)OCCCCO,,
CC1=CC(=O)CC(C)(C)C1,CC1=CC(C)(C)CC(=O)C1,,
CC(=O)NCCCCCCC#N,CCNCCCCCCCN,,
C=Cc1ccc2ccccc2c1,C#Cc1ccc2ccccc2c1,,
CC1=CC(=O)CC(C)(C)C1,CC1=CC(C)(C)CC(=O)C1,,
C=Cc1ccc(OC(C)=O)cc1,C=Cc1ccc(O)cc1,,
COc1cccc(C2CO2)c1,COc1cccc(C=O)c1,,
Cc1ccccc1C1CO1,Cc1ccccc1C=O,,
Cc1ccc(C2CO2)cc1,Cc1ccc(C=O)cc1,,
O=C(O)c1ccc(O)cc1,O=C(O)C1CCC(O)CC1,,
CC(=O)OCCCC=O,CC(=O)OCCCCO,,
CC(=O)OCC(C)C=O,CC(=O)OCC(C)CO,,
COC(=O)c1ccco1,COC(=O)C1CCCO1,,
CCOC1CCCCC1=O,CCOc1ccccc1O,,
CC(C)=CCC(C)C=O,CC(C)CCC(C)C=O,,
O=C(O)c1nccnc1O,OCc1nccnc1O,,
Nc1ccc(C=CC(=O)O)cc1,Nc1ccc(C=CCO)cc1,,
C1=C2CCCC2CCC1,C1CCC2CCCC2C1,,
OCc1ncc2n1CCCC2,c1ncn2c1CCCC2,,
CC1=CSCC2=NCCN12,C1=CN2CCN=C2CS1,,
O=C(O)C1CC2C=CC1C2,O=C(O)C1CC2CCC1C2,,
O=C(O)C1CCC=CO1,O=C(O)C1CCCCO1,,
CC(C)=CCCC(C)=CC=O,CC(C)=CCCC(C)CCO,,
c1ccc2ncccc2c1,c1ccc2cnccc2c1,,
O=CNCc1ccccn1,c1ccn2cncc2c1,,
COC1(OC)CCCC1=NO,COC1(OC)CCCC1N=O,,
NCCSCc1cnc(N)s1,NCCSCc1cncs1,,
COCc1sc(N)nc1C,COCc1scnc1C,,
CCc1ncc(C(=O)OC)s1,CCc1ncc(CO)s1,,
COc1cccc(C(=O)O)c1,COc1cccc(CO)c1,,
C#CC(C)(O)C(OC)OC,C=CC(C)(O)C(OC)OC,,
Cc1csc(C)c1C=O,Cc1csc(C)c1CO,,
O=C(O)CCCCCC(=O)O,O=C1CCCCCC(=O)O1,,
NCC1CCCC(CN)C1,NCc1cccc(CN)c1,,
O=CCc1ccccc1,OCCc1ccccc1,,
N#CC(O)C1CCC2CC21,N#CC=C1CCC2CC12,,
NCCCCCCCCCCCCN,CCCCCCCCCCCC,,
COC(=O)Nc1ccccc1,COC(=O)NC1CCCCC1,,
CCOC(=O)N(C)c1ccccc1,CCOC(=O)N(C)C1CCCCC1,,
c1ccc(Cc2cccnc2)cc1,c1ccc(CC2CCCNC2)cc1,,
C1=CCCCCCCC=C1,C1=CCCCCC=CCC1,,
C#CCO.C1=COCCC1,C#CCOC1CCCCO1,,
CC1C(=O)CCCC1=O,Cc1c(O)cccc1O,,
CC1=CCCC(C)(C)C1C=O,CC1=CCCC(C)(C)C1CO,,
C=Cc1ccccc1O,CCc1ccccc1O,,
COc1c(O)ccc2c1OCC2=O,COc1c(O)ccc2c1OCC2,,
COC(=O)c1cccnc1,O=C(O)c1cccnc1,,
CCC1CCc2ccc(OC)cc21,CCC1CCc2ccc(O)cc21,,
C#CCO.C1=COCCC1,C#CCOC1CCCCO1,,
O=C=Nc1ccccc1,O=CNc1ccccc1,,
O=C=NC1CCCCC1,O=CNC1CCCCC1,,
COc1ccoc1C(C)O,Cc1occc(=O)c1O,,
CC(=O)OC1C=CCC1,CC(=O)OC1CCCC1,,
CCC(C)=CCCC(C)=O,CCC(C)=CCCC(C)O,,
CCOC(=O)C1N=COC1CC,CCOC(=O)C(N)C(O)CC,,
CCCC=C(C=O)CC,CCCCC(CC)CO,,
O=CNc1ccccc1,O=CNC1CCCCC1,,
CC1=NCNC(C)(C)C1,CC1CC(C)(C)NC=N1,,
CC1=NCNC(C)(C)C1,CC1CC(C)(C)NC=N1,,
CC1(C)CC=CC(=O)C1,CC1(C)CCCC(=O)C1,,
CCCCC(C)(C)C#N,CCCCC(C)(C)CN,,
Cc1ncccc1C(=O)CCC#N,Cc1ncccc1C1CCCN1,,
CCCC1=CC(=O)OC1=O,C=CCC1CC(=O)OC1=O,,
CCC1(C)Cc2ccccc2C1=O,CCC1(C)Cc2ccccc2C1,,
CCCCCCC(C)=CCO,CCCCCCC(C)CCO,,
CCCCCCC(C)=CCO,CCCCCCC(C)CCO,,
CCCCCC=C/C=C/C=O,CCCCCC=C/C=C/CO,,
CCCCCCCCCCNC(C)=O,CCCCCCCCCCNCC,,
C=CC#N.NNC(N)=O,CC(C#N)NNC(N)=O,,
COc1cccc(OC)c1O,Oc1cccc(O)c1O,,
CN(C)CCN1CCOCC1,CC1CN(C)CCN1C,,
C=C(C)C(=O)OCC(O)CO,C=C(C)C(=O)OCCCO,,
CC(Oc1ccccc1)C(=O)O,CC(CO)Oc1ccccc1,,
C#CCO.C1=COCCC1,C#CCOC1CCCCO1,,
Nc1ccc(O)c2cnsc12,Oc1cccc2sncc12,,
C1=NNC(c2ccccc2)C1,NCCC(N)c1ccccc1,,
CC(=O)C=Cc1cccn1C,CC(=O)CCc1cccn1C,,
CN(C)CCCNCCC#N,CN(C)CCCNCCCN,,
O=C1CC2C=CCCC2O1,OC1CC2C=CCCC2O1,,
N#CCn1ccc2ccccc21,N#CCN1CCc2ccccc21,,
CCCC1CCC(=O)CC1,CCCC1CCC(O)CC1,,
COc1ccc(C=O)cc1,COc1ccc(C)cc1,,
CCOc1cscc1NC=O,CCOc1cscc1N,,
N#Cc1ccc(C#N)cc1,NCc1ccc(CN)cc1,,
CCCCCCC=CCCCC(=O)O,CCCCCCCCCC=CC(=O)O,,
CCC=CCCCCCCCC(=O)O,CCCCC=CCCCCCC(=O)O,,
CC=CCCCCCCCC(=O)O,CCCCC=CCCCCC(=O)O,,
CCCCCCCCCC=CCCC(=O)O,CCCCCCCCCCCC=CC(=O)O,,
c1ccc2occc2c1,C#Cc1ccccc1O,,
CC(=O)Cc1ccncc1,CC(O)Cc1ccncc1,,
[O-]c1cccc2ccccc12,Oc1cccc2ccccc12,,
COC(=O)C1=CSCC1O,COC(=O)c1cscc1O,,
CC(=O)C1=CSCC1O,CC(=O)c1cscc1O,,
COC(=O)C1=CSCC1O,COC(=O)c1cscc1O,,
COC(=O)C1SC=CC1O,COC(=O)c1sccc1O,,
Cc1cccc(C)c1OCC(N)=O,Cc1cccc(C)c1OCC#N,,
N#Cc1ccc(C#N)cc1,NCc1ccc(CN)cc1,,
COC(=O)C1C=CCCC1,COC(=O)C1=CCCCC1,,
COC(=O)C1C=CCCC1,COC(=O)C1=CCCCC1,,
COC1=CC=CCC=C1,COC1=CC=CC=CC1,,
COC1C=CC=CC=C1,COC1=CC=CC=CC1,,
COC1C=CC=CC=C1,COC1=CC=CCC=C1,,
COC1=CC=CCC=C1,COC1=CC=CC=CC1,,
C1=CCCC=CCCC=CCC1,C1=CC=CCCCCCCC=C1,,
COc1ccc(CC(=O)O)cc1,COc1ccc(CCO)cc1,,
CCCN(N=O)c1ccccc1,CCCN(N)c1ccccc1,,
CC(=O)Cc1ccccc1,CC(O)Cc1ccccc1,,
CC(C)(C)c1cc(N)no1,CC(C)(C)C(=O)CC#N,,
CCOC(=N)CC(=O)OCC,CCOC(=O)CC(N)=O,,
CC(=O)C=Cc1ccccc1,CC(=O)CCc1ccccc1,,
CCCCCCCCCCCC(C)NC=O,CCCCCCCCCCCC(C)N,,
CCCCCCCCCCCC(C)=NO,CCCCCCCCCCCC(C)N,,
CCN1CCN(N=O)CC1,CCN1CCN(N)CC1,,
O=CC=Cc1ccccc1,OCC=Cc1ccccc1,,
O=CCc1ccccc1,OCCc1ccccc1,,
CC(C)CC(C)(O)C#N.N,CC(C)CC(C)(N)C#N,,
COC(=O)C1CCC(=O)C1,COC(=O)C1CCC(O)C1,,
CN1C2CCCC1CC(=NO)C2,CN1C2CCCC1CC(N)C2,,
N#CCCOP(=O)([O-])[O-],N#CCCOP(=O)(O)O,,
O=C1OCc2ccccc21,c1ccc2c(c1)COC2,,
CSc1nnc(C(N)=O)s1,CSc1nnc(C#N)s1,,
O=CNCc1ccccn1,c1ccn2cncc2c1,,
CC(=O)c1ccccc1,CC(O)c1ccccc1,,
NC(=O)CCCc1ccncc1,NC(=O)CCCC1CCNCC1,,
COCCc1ccncc1,COCCC1CCNCC1,,
C=CCN=CC(CC)CCCC,CCC=NC=C(CC)CCCC,,
CC(C)(C)C1CCC(=O)CC1,CC(C)(C)C1CCC(O)CC1,,
CC(=O)c1ccccc1,CC(O)c1ccccc1,,
CCC(=O)c1ccccc1,CCC(O)c1ccccc1,,
CCC(=O)c1ccccc1,CCC(O)c1ccccc1,,
CC(C)C(=O)c1ccccc1,CC(C)C(O)c1ccccc1,,
Cc1c(C(=O)O)ncn1C,Cc1c(CO)ncn1C,,
CCC/C=C/CC#CCO,CCCC=CC/C=C/CO,,
CCCCC=C/C=C/C(=O)[O-],CCCCC=C/C=C/CO,,
CNc1ccc(O)cc1,CNC1CCC(O)CC1,,
O=C1Nc2ccccc2CO1,Nc1ccccc1CO,,
CC(C=O)c1ccccc1,CC(CO)c1ccccc1,,
C=Cc1ccc(OC(C)=O)cc1,C=Cc1ccc(O)cc1,,
O=c1ccc2ccccc2o1,O=C1CCc2ccccc2O1,,
CC1=CCCC(C)(C)C1=O,CC1C=CCC(C)(C)C1=O,,
CCOP(=O)(OCC)OCC,CCOP(OCC)OCC,,
CC(=O)c1ccc(C#N)s1,CC(=O)c1ccc(CN)s1,,
C#CC(C)(O)CCC(C)CC,C=CC(C)(O)CCC(C)CC,,
O=C1CCc2ccccc21,OC1CCc2ccccc21,,
Nc1cccc(C(=O)O)n1,Nc1cccc(CO)n1,,
CC(=O)NCCc1ccncc1,CC(=O)NCCC1CCNCC1,,
O=C1CCCCC2OC12,O=C1CCCCC(O)C1,,
C=C1CCC2(C(C)C)CC12,CC1=CCC2(C(C)C)CC12,,
CC(C)(C)/C=C/C=C/C=O,CC(C)(C)/C=C/C=C/CO,,
N#Cc1ccnc(CO)c1,NCc1ccnc(CO)c1,,
CCOC(=O)C1CCCC1=O,CCOC(=O)C1CCCC1O,,
C=CCC(C)(C=C)C(C)=O,C=CCC(C)(C=C)C(C)O,,
CC1=COC(C)(C=O)CC1,CC1=COC(C)(CO)CC1,,
COc1ccc(CCCC#N)cc1,COc1ccc(CCCCN)cc1,,
CC(=O)Cc1ccccc1,CC(O)Cc1ccccc1,,
C=CCON1CC1C(N)=O,CCON1CC1C(N)=O,,
CC(C)(CC(=O)O)C(=O)O,CC1(C)CC(=O)OC1=O,,
O=C1CC2C=CC1CC2,O=C1CC2CC=CCC12,,
CCCCC=CC=CO,C=CCCCC=CCO,,
C=COCC.CC(=O)O,CCOC(C)OC(C)=O,,
CNc1ccc(C(=O)O)cc1,CNC1CCC(C(=O)O)CC1,,
CCC1CCCCC1N,CCc1ccccc1N,,
CCC1CCCC(CC)C1N,CCc1cccc(CC)c1N,,
CCOC(=O)C=Cc1ccccc1,CCOC(=O)CCc1ccccc1,,
COc1ncncc1[N+](=O)[O-],COc1ncncc1N,,
Cn1cccc1.N#C[S-],Cn1cccc1SC#N,,
C=CCCCC(CCC)C(=O)OC,C=CCCCC(CCC)C(=O)O,,
Cc1cn2cccc(C=O)c2n1,Cc1cn2cccc(CO)c2n1,,
ON=Cc1ccc(O)cc1,N#Cc1ccc(O)cc1,,
OCc1ccc(CO)o1,OCC1CCC(CO)O1,,
OCc1ccc(CO)o1,OCC1CCC(CO)O1,,
N#CC1CCC(C=O)CC1,N#CC1CCC(CO)CC1,,
c1ccc(C2=NCCO2)cc1,C1=NC(c2ccccc2)OC1,,
CC1=CCC(C2(C)CS2)CC1,CC1=CCC(C(C)(C)S)CC1,,
Cc1ccc(C)n1CCOCCO,CC1CCC(C)N1CCOCCO,,
Cc1cc(N)cnc1CCCC#N,Cc1cc(N)cnc1CCCCN,,
O=CC=Cc1ccccc1,OCCCc1ccccc1,,
O=C([O-])c1ccccc1,O=C(O)c1ccccc1,,
CC(C)C1=NCCCN1,CC(C)c1ncccn1,,
C=CCC1CCCCCCCCCCC1=O,C=CCC1CCCCCCCCCCC1O,,
CCN(CC)C(COC)COC,CCN(CC)C(CO)CO,,
Cc1ccc(OCCO)cc1,CC1CCC(OCCO)CC1,,
COc1ccc(CN)cc1,NCc1ccc(O)cc1,,
C=CCCCCCC=O,CCCCCCCC=O,,
CCC1CCCC(CC)C1N,CC1CCCC(C)C1N,,
CCOC(=O)c1ccc(O)cc1,CCOC(=O)C1CCC(O)CC1,,
CCCCCc1ocnc1C(=O)OC,CCCCCc1ocnc1C(=O)O,,
Oc1ccc2c(c1)C=CCO2,Oc1ccc2c(c1)CCCO2,,
CC1CCCC(C)C1O,Cc1cccc(C)c1O,,
CC1CCCC(C)C1O,Cc1cccc(C)c1O,,
CC(O)(CO)c1ccncc1,CC(O)(CO)C1CCNCC1,,
CCCCCCCN(CC)CC#N,CCCCCCCN(CC)CCN,,
c1ccc2c(c1)CCOC2,Cc1ccccc1CCO,,
c1ccc(CN2CCOCC2)nc1,C1CCC(CN2CCOCC2)NC1,,
CC=O.N#CCc1cccnc1,CC=C(C#N)c1cccnc1,,
N#CCCCc1ccncc1,NCCCCc1ccncc1,,
OCCC#Cc1cncnc1,OCCCCc1cncnc1,,
CCCCCCC1CC1C(=O)OCC,CCCCCCC1CC1C(=O)O,,
Cc1cn(CCCN)c(C)n1,Cc1cn(CCCN)cn1,,
CNC(=O)c1ccncc1,CNC(=O)C1CCNCC1,,
CCCCCCCCCCCCC=COC=O,CCCCC=CCCCCCCCCOC=O,,
CC=CC(=O)C(C)CC,CC=CC(O)C(C)CC,,
CCOC(=O)c1ccc(O)cc1,CCOC(=O)C1CCC(O)CC1,,
CCOC(=O)C1CCC(O)CC1,CCOC(=O)C1CCCCC1,,
CC1(C)CCC(C)(C)C1C=O,CC1(C)CCC(C)(C)C1CO,,
O=C(O)c1cnncc1C(=O)O,O=C(O)c1ccnnc1,,
CC(C)=Nn1nnnc1S,CC(C)Nn1nnnc1S,,
COc1cccc2ccoc12,Oc1cccc2ccoc12,,
CC1(C)CC(=O)OC(=O)C1,CC1(C)CCOC(=O)C1,,
Cc1ccc(CC#N)cc1,Cc1ccc(CCN)cc1,,
CC=CCC(=O)Nc1ccccc1,CCC=CC(=O)Nc1ccccc1,,
COc1ccc(O)c(C=O)c1,COc1ccc(O)c(CO)c1,,
COc1cc(C(=O)O)ccc1C,COc1cc(CO)ccc1C,,
CC(=O)Cc1ccccc1,CC(O)Cc1ccccc1,,
COC(=O)CCCCC(OC)OC,COC(=O)CCCCC=O,,
COC(=O)c1ccco1,COC(=O)C1CCCO1,,
COc1ccc(C=NO)cc1C,COc1ccc(C#N)cc1C,,
CC(=O)c1sc(N)nc1C,CC(=O)c1scnc1C,,
CCCCNC(=O)OCC(=O)OC,CCCCNC(=O)OCC(=O)O,,
c1ccc2cnccc2c1,C1CCC2CNCCC2C1,,
c1ccc2cnccc2c1,C1CCC2CNCCC2C1,,
C=CCOC(C)C(=O)OCC,C=CCOC(C)C(=O)O,,
CCC#CCCCCCCCCO,CCC=CCCCCCCCCO,,
CCn1cccc1C=O.NO,CCn1cccc1C#N,,
CC(O)c1ccc(N)cc1,C=Cc1ccc(N)cc1,,
O=C(O)CCCc1ccccc1,O=C(O)CCCC1CCCCC1,,
COC(=O)c1ccccc1S,COC(=O)c1ccccc1,,
CC(O)CN(C)CC(C)O,CC1CN(C)CC(C)O1,,
O=C1CCCc2sccc21,OC1CCCc2sccc21,,
O=C(O)CCSc1ccoc1,O=C1CCSc2ccoc21,,
CN(C)c1ccc(C=NO)cc1,CN(C)c1ccc(C#N)cc1,,
COc1cc(C(C)=O)ccc1O,COc1cc(C=O)ccc1O,,
CCC(C)Sc1ccc(OC)cc1,CCC(C)Sc1ccc(O)cc1,,
COc1cccc2c1SCCC2=O,COc1cccc2c1SCCC2O,,
CC(C)=C1CCOC1=O,CC(C)C1CCOC1=O,,
CC1(C)CCC(C)(C)C1=O,CC1(C)CCC(C)(C)C1O,,
Nc1ccc(C(=O)O)cc1,NC1CCC(C(=O)O)CC1,,
O=Cc1cnc2ccccn12,OCc1cnc2ccccn12,,
O=C1COc2ccccc2N1,c1ccc2c(c1)NCCO2,,
COc1ccc[n+]([O-])c1C,COc1cccnc1C,,
Cc1ccc2ccccc2n1,CC1CCc2ccccc2N1,,
COc1ccc(C(=O)O)cc1,COc1ccc(C=O)cc1,,
CCCCC=CC(=O)O,CCCCCCC(=O)O,,
COC(=O)c1ccc(O)cc1,COC(=O)C1CCC(O)CC1,,
COC(=O)c1ccc(O)cc1,COC(=O)C1CCC(O)CC1,,
CCCCCCN(CCO)CCO,CCCCCCNCCO,,
CC(C)CN=Cc1ccccc1,CC(C)CNCc1ccccc1,,
N#Cc1ccc(N)cc1,NCc1ccc(N)cc1,,
CC1=NCCc2ccccc21,CC1NCCc2ccccc21,,
O=C(O)c1ccc(O)cc1,O=C(O)C1CCCCC1,,
CCC(=O)CC(=O)O.CO,CCC(=O)CC(=O)OC,,
CCC(=O)CC(=O)O.CO,CCC(=O)CC(=O)OC,,
CCSc1scnc1C(=O)OC,CCSc1scnc1C(=O)O,,
CC1(C)CCC(C)(C)C1=O,CC1(C)CCC(C)(C)C1O,,
COc1cccc(CC(N)=O)c1,COc1cccc(CC#N)c1,,
CCCCOC(C)C(=O)OCC,CCCCOC(C)CO,,
O=C(O)C=Cc1cccnc1,O=C(O)CCc1cccnc1,,
Cc1ccc2c(c1)OCC2O,Cc1ccc2ccoc2c1,,
CCCCCCCCCc1ccccc1C=O,CCCCCCCCCc1ccccc1CO,,
OCCCC#Cc1ccccn1,OCCCCCc1ccccn1,,
COC1CCCN1C(C)=O,CC(=O)N1CCCC1O,,
O=C(O)Cc1cccnc1,OCCc1cccnc1,,
CC(=O)c1ccc(O)cc1,CC(=O)c1ccccc1,,
Cn1nc2nnsc2c1C(N)=O,Cn1nc2nnsc2c1C#N,,
COCC1SCCC12OCCO2,COCC1SCCC1=O,,
CC1(CO)CSCC12OCCO2,CC1(CO)CSCC1=O,,
Nc1cccc2cnccc12,Nc1cccc2c1CCNC2,,
Sc1nc2cccccc-2n1,c1ccc2ncnc-2cc1,,
COc1ccc(C=O)cc1,COc1ccc(C)cc1,,
N#CCCc1cccs1,NCCCc1cccs1,,
Cc1cccc(C=O)n1,Cc1cccc(CO)n1,,
CCCCn1cccc1C(C)=O,CCCCn1cccc1C(C)O,,
CCCCn1cccc1C(=O)CC,CCCCn1cccc1C(O)CC,,
Cn1nccc1NC(=S)S,Cn1nccc1N=C=S,,
Cc1cccc(NC=O)c1CO,CNc1cccc(C)c1CO,,
C=Cc1ccc(C2CO2)cc1,C=Cc1ccc(C=C)cc1,,
CC1=NCCc2sccc21,Cc1nccc2sccc12,,
CCCC(C=O)CCC#N,CCCC(CO)CCC#N,,
CC(C)(C=O)CCC#N,CC(C)(CO)CCC#N,,
N#Cc1cccc(C=CCO)c1,N#Cc1cccc(CCCO)c1,,
N#Cc1cnn2cccnc12,N#Cc1cnn2c1NCCC2,,
CCC1CC(=O)CCN1CC,CCC1CC(O)CCN1CC,,
O=Cc1cccc(C=O)c1,O=Cc1cccc(CO)c1,,
COC(=O)C1CN(C)C=N1,COC(=O)c1cn(C)cn1,,
CCCCCCC#CCC(=O)O,CCCCCCC=CCC(=O)O,,
CNc1ncccc1C#N,CNc1ncccc1CN,,
c1ccc2c(c1)CCNC2,C1=NCCc2ccccc21,,
c1ccc2c(c1)CCNC2,C1=NCCc2ccccc21,,
Cc1nc2ccccc2o1,c1ccc2ocnc2c1,,
C[n+]1cccc(C#N)c1,CN1CCC=C(C#N)C1,,
OC1CCOc2ccccc21,C1=Cc2ccccc2OC1,,
COC(=O)c1cnc(N)s1,COC(=O)c1cncs1,,
CCCOC(=O)C(C)=O,CCCOC(=O)C(C)O,,
CCOC(=O)CC(C)=O,CCOC(=O)CC(C)O,,
Cc1cccc(C)c1C#N,Cc1cccc(C)c1CN,,
N#CCCc1cccs1,NCCCc1cccs1,,
CC(=O)c1ccccc1,CC(O)c1ccccc1,,
CCC1N=C(O)c2cscc2N1,CCC1N=C(O)c2ccsc2N1,,
C=CC(=O)OCCN(C)C,COc1ccc(O)cc1,,
CCC1=C(OC)C(=O)CC1,CCC1=C(O)C(=O)CC1,,
Cc1cc2ccccc2cc1C=O,Cc1cc2ccccc2cc1CO,,
N#CC12CCCN1CCC2,NCC12CCCN1CCC2,,
CCOC(=O)c1cc(CO)ccn1,CCOC(=O)C1CC(CO)CCN1,,
Cc1cc2cc(C)c1o2,Cc1cccc(C)c1O,,
O=C1CCCCCCCN1,C1CCCCNCCC1,,
Cc1nccn1CCc1ccncc1,Cc1nccn1CCC1CCNCC1,,
Cn1ccnc1C=O.NO,Cn1ccnc1C=NO,,
C=Cc1ccc(OC(C)=O)cc1,C=Cc1ccc(O)cc1,,
C=C(C)C(=O)N=C=O.N,C=C(C)C(=O)NC(N)=O,,
OC1Cc2ccccc2C1,OC1CC2CCCCC2C1,,
Cc1ccc(C)c2c1CCC2=O,Cc1ccc(C)c2c1CCC2,,
C=CCC(C=O)CCC,CCCC(C=O)CCC,,
Nc1ccc(CCO)cc1,OCCc1ccccc1,,
CN(CCC#N)CCC#N,N#CCCNCCC#N,,
Cc1c(O)ccc2occc12,Cc1c(O)ccc2c1CCO2,,
O=Cc1ccccc1C1=CCCCC1,O=Cc1ccccc1C1CCCCC1,,
N#Cc1ccc(C#N)cc1,NCc1ccc(CN)cc1,,
O=C1CCc2ccccc21,C1=Cc2ccccc2C1,,
CCCC[Sn](=O)CCCC,CCCC[Sn]CCCC,,
OCCC#Cc1ncccn1,OCCCCc1ncccn1,,
OCC#Cc1nccs1,OCCCc1nccs1,,
CCCC(C)(C#N)C(=O)OCC,CCCC(C)(C#N)C(=O)O,,
CCCC(C)(C#N)C(=O)OCC,CCCC(C)(C#N)CO,,
CC(C)(C)N(CCO)N=O,CC(C)(C)N(N)CCO,,
Cc1nn(CCO)c(N)c1N=O,Cc1nn(CCO)c(N)c1N,,
CC(C)C(=O)c1ccccc1,CC(C)C(O)c1ccccc1,,
CSc1ccnc2ccnn12,c1cnc2ccnn2c1,,
C=CCOc1ccccc1/C=C/C,C=CCOc1ccccc1C=CC,,
Cc1ccc(C(=O)O)cc1O,Cc1ccc(C=O)cc1O,,
CCCCCOCCCCCOCCCCC#N,CCCCCOCCCCCOCCCCCN,,
O=C(O)CCSc1cccs1,O=C1CCSc2sccc21,,
Cc1c(O)ccc(C=O)c1O,Cc1ccc(O)c(C)c1O,,
CC(C)COC(=O)/C=C/C=O,CC(C)COC(=O)CCC=O,,
c1ccc(Cc2cnccn2)cc1,c1ccc(CC2CNCCN2)cc1,,
CCCCCCCCCCCCCCCCCCO,CCCCCCCCCCCCCCCCCO,,
CCC(C)CCCC(C)C(=O)O,CCC(C)CCCC(C)CO,,
COC1=C(C)C(=O)OC1=O,COC1=C(C)C(=O)OC1O,,
CCCCCCCCCC(=O)O,C=CCCCCCCC,,
CCCCCCCCCC(=O)O,C=CCCCCCCC,,
CCCCCCCCCC(=O)O,C=CCCCCCCC,,
CCC=C1CCCC1=O,CCCC1CCCC1=O,,
COC(=O)CC(OC)OC,COC(CC(=O)O)OC,,
CCCNC(=O)c1ccccc1N,CCCNC(=O)c1ccccc1,,
Cc1cccc(C(=O)O)c1,CC1CCCC(C(=O)O)C1,,
CC1CCCC(C(=O)O)C1,CC1CCCC(CO)C1,,
Cc1cccnc1CN1CCCC1,CC1CCCNC1CN1CCCC1,,
Cc1ccnc(C#N)c1,Cc1ccnc(CN)c1,,
CC(=O)c1ccccc1N,CC(O)c1ccccc1N,,
CC#Cc1ccccc1,C#CCc1ccccc1,,
O=C(O)CCSc1cccs1,O=C1CCSc2sccc21,,
CCCC/C=C\CCCCCCCCCCO,CCCCC#CCCCCCCCCCCO,,
OC1CCc2ccccc2O1,C1=Cc2ccccc2OC1,,
CC(C)(C)C1CCC(=O)CC1,CC(C)(C)C1CCC(O)CC1,,
CCCC=CCC(O)C(=O)OC,CCCC=CCC(O)C(=O)O,,
C#CCCOCCC(=O)O,C#CCOCCC(=O)O,,
C#CCCSCC(=O)OC,C#CCCSCC(=O)O,,
C#CCC/C=C/C(=O)OCC,C#CCC/C=C/C(=O)O,,
CCCCCCCCC(C)=O,CCCCCCCCC(C)O,,
C#CCSc1ccccc1C(=O)O,C#CCSc1ccccc1CO,,
OCCCCCc1ccccc1,OCCCCCC1CCCCC1,,
OCCCC#Cc1ccccn1,OCCCCCc1ccccn1,,
OCC#Cc1ccccn1,OCCCc1ccccn1,,
OCCCCCc1ccccc1,OCCCCCC1CCCCC1,,
O=Cc1cccc(C=O)c1,O=Cc1cccc(CO)c1,,
c1cnc2c(c1)SCC2,c1cnc2ccsc2c1,,
O=C(O)C=Cc1cccnc1,O=C(O)CCc1cccnc1,,
CC(C)C(=O)c1ccccc1,CC(C)C(O)c1ccccc1,,
CC(=O)c1ccccc1,CC(O)c1ccccc1,,
CC(C)(C)c1ccc(O)cc1,CC(C)(C)C1CCC(O)CC1,,
Cc1cc(C=O)ccc1C=O,Cc1cc(CO)ccc1CO,,
CN(C)N=Cc1cccnc1,CN(C)NCc1cccnc1,,
O=C1CCc2ccccc21,OC1CCc2ccccc21,,
N#Cc1cccc2c1CCC2=O,N#Cc1cccc2c1CCC2O,,
N#Cc1ccc2c(c1)CCC2=O,N#Cc1ccc2c(c1)CCC2O,,
CC#Cc1ccccc1,CC=Cc1ccccc1,,
CCOC(=O)CC(C)=O,CC(=O)C1CCOC1=O,,
CC(C)(C)C1=NCC(O)CN1,CC(C)(C)C1=NCC(CN)O1,,
Cc1ccc(N)c(C(=O)O)c1,Cc1ccc(N)c(CO)c1,,
Cc1ccccc1OCC(=O)O,Cc1ccccc1OCCO,,
CC(Oc1ccccc1)C(=O)O,CC(CO)Oc1ccccc1,,
O=C(O)c1cccnc1C(=O)O,O=C(O)C1CCCNC1C(=O)O,,
CC(C)=CCCc1ccsc1,CC(C)CCCc1ccsc1,,
CC(C)(C)C1CCC(=O)CC1,CC(C)(C)C1CCC(O)CC1,,
CCCCCCCCCC(=O)OC,CCCCCCCCCCO,,
CCCCCCCCCC(=O)OC,CCCCCCCCCCO,,
CCCCCCCCCC(=O)OC,CCCCCCCCCCO,,
CCCCCCCCCC(=O)OC,CCCCCCCCCCO,,
CC(=O)C1SCC(C)C1=O,CC(=O)c1scc(C)c1O,,
CC(=O)N1CCC(=O)CC1,CC(=O)N1CCC(O)CC1,,
N#Cc1ccc(CCO)nc1,C=Cc1ccc(C#N)cn1,,
O=C1CC2CCCC2O1,OC1CC2CCCC2O1,,
CCOC(=O)C1CCCC1=O,CCOC(=O)C1CCCC1O,,
COC(CC=CC=O)OC,COC(CC=CCO)OC,,
CC(=O)c1ccccc1,CC(O)c1ccccc1,,
CCCCCCC(C)=O,CCCCCCC(C)O,,
CC(=O)CCc1ccccc1,CC(O)CCc1ccccc1,,
CC(=O)CCc1ccccc1,CC(O)CCc1ccccc1,,
CC(=O)CCc1ccccc1,CC(O)CCc1ccccc1,,
Cc1cc(=O)cc(C)o1,CC1CC(=O)CC(C)O1,,
CC(=O)c1ccccc1,CC(O)c1ccccc1,,
CC(C)CCCC1(C)CO1,CC(=CCCC(C)C)CO,,
CCCN(CC)C(=O)C(=O)OC,CCCN(CC)C(=O)C(=O)O,,
CCCCCC(=O)CCCCC,CCCCCC(O)CCCCC,,
CCOC(=O)Cc1ccncc1,CCOC(=O)CC1CCNCC1,,
CC(C)=CCC/C(C)=C/CO,CC(C)CCCC(C)CCO,,
CCOc1ccc(C=O)cc1,CCOc1ccc(CO)cc1,,
CN(C)c1ccc(C=O)cc1,CN(C)c1ccc(CO)cc1,,
O=C(O)c1nccc2ccccc12,O=C(O)C1NCCc2ccccc21,,
CCCCOC(C)C(=O)OC,CCCCOC(C)C(=O)O,,
Nc1ccc(C(=O)O)cc1,O=C1NC2CCC1CC2,,
CC1(O)CCc2ccccc21,CC1=CCc2ccccc21,,
C=CCO.O=CCCCO,C=CCOC1CCCO1,,
C=CCO.O=CCCCO,C=CCOC1CCCO1,,
C1=CCCC=CCCC=CCC1,C1=CC=CCCCCCCC=C1,,
CCCC[Sn](=O)CCCC,CCCC[Sn]CCCC,,
CCCC[Sn](=O)CCCC,CCCC[Sn]CCCC,,
CCCC(C(N)=O)C(=O)OCC,CCCC(C(N)=O)C(=O)O,,
CNc1ccncc1[N+](=O)[O-],CNc1ccncc1N,,
CC1=CCC=CC1C(=O)O,Cc1ccccc1C(=O)O,,
O=C(O)C1CC2C=CC1C2,O=C(O)C1CC2CCC1C2,,
O=C(O)C1CC2C=CC1C2,O=C(O)C1CC2CCC1C2,,
C=C(C)/C=C/CC(=O)OCC,C=C(C)/C=C/CC(=O)O,,
CCOC(=O)CC(C)=O,CCOC(=O)CC(C)O,,
CC(C)COP(C)(=O)CCC#N,CC(C)COP(C)(=O)CCCN,,
CC(=O)c1ccccc1,CC(O)c1ccccc1,,
CCOc1cc(C(=O)OC)on1,CCOc1cc(C(=O)O)on1,,
CO.O=C1CCCCO1,COC(=O)CCCCO,,
CC1(O)CCCc2ccccc21,CC1=CCCc2ccccc21,,
CCc1cccc(NC)c1,CCc1cccc(N)c1,,
Cc1cc(C)cc(N)c1,CC1CC(C)CC(N)C1,,
O=CCCc1ccccc1O,OCCCc1ccccc1O,,
Cc1ccc(O)c(NC=O)c1,CNc1cc(C)ccc1O,,
CC(=O)CCc1ccccc1,CC(O)CCc1ccccc1,,
COc1ccccc1C=O,COc1ccccc1CO,,
O=C1C=Cc2ccccc21,OC1C=Cc2ccccc21,,
O=P(O)(O)c1ccccc1,O=P(O)(O)C1CCCCC1,,
OCCc1cnccn1,OCCC1CNCCN1,,
C=Cc1ccc(O)cc1,C#Cc1ccc(O)cc1,,
O=Cc1cccc(C=O)c1,O=Cc1cccc(CO)c1,,
C#CC(C)(O)C(C)(C)CC,C=CC(C)(O)C(C)(C)CC,,
C#CC(C)(O)C(C)(C)CC,C=CC(C)(O)C(C)(C)CC,,
C=CC(C)(O)C(C)(C)CC,C=CC(=C)C(C)(C)CC,,
Cc1ccc(C(=O)O)c(C)c1,Cc1ccc(CO)c(C)c1,,
N#Cc1cccc(C#N)c1,NCc1cccc(CN)c1,,
CC(C)c1ccccc1C(C)C,CC(C)c1ccccc1,,
O=C(O)C=Cc1cccs1,O=C(O)CCc1cccs1,,
c1ccc(Nc2ccccc2)cc1,c1ccc(NC2CCCCC2)cc1,,
C=CCc1ccc(OC)c(OC)c1,CC=Cc1ccc(OC)c(OC)c1,,
COC(=O)C1(C)CCCC1=O,COC(=O)C1(C)CCCC1O,,
OCCCCCCCCCCO,CCCCCCCCCCO,,
Nc1cc2ccccc2cc1N,c1ccc2ccccc2c1,,
O=C(c1ccco1)N1CCNCC1,O=C(C1CCCO1)N1CCNCC1,,
Cc1cccc(C(=O)O)c1O,Cc1cccc(CO)c1O,,
N#Cc1ccc(C=O)o1,N#Cc1ccc(CO)o1,,
Oc1ncnc2ccccc12,c1ccc2ncncc2c1,,
CCCCCCCNC(C)=O,CCCCCCCNCC,,
OC1CCc2ccccc21,C1=Cc2ccccc2C1,,
CC(=O)OCC=C(C)COC=O,CC(=O)OCC=C(C)CO,,
O=C(O)C=Cc1ccc(O)cc1,O=C(O)C=Cc1ccccc1,,
O=C(O)C=Cc1ccc(O)cc1,O=C(O)C=Cc1ccccc1,,
O=C(O)C=Cc1ccc(O)cc1,O=C(O)C=Cc1ccccc1,,
O=C(O)C=Cc1ccc(O)cc1,O=C(O)C=Cc1ccccc1,,
O=C(O)C=Cc1ccc(O)cc1,O=C(O)C=Cc1ccccc1,,
O=C(O)C=Cc1ccc(O)cc1,O=C(O)C=Cc1ccccc1,,
O=C(O)C=Cc1ccc(O)cc1,O=C(O)C=Cc1ccccc1,,
Cc1ccc(N)c(C(=O)O)c1,CC1CCC(N)C(C(=O)O)C1,,
CC(C)c1ccccc1C(C)C,CC(C)c1ccccc1,,
O=Cc1cccc(C=O)c1,O=Cc1cccc(CO)c1,,
N#CCCCc1ccncc1,NCCCCc1ccncc1,,
CC1=CCCc2ccccc21,CC1CCCc2ccccc21,,
C=C1CC(=C)C1.C=C=C,C=C1CCC(=C)C(=C)C1,,
COC(=O)c1ccc(C=O)o1,COC(=O)c1ccc(CO)o1,,
CCCCCCCCCO,C=CCCCCCCC,,
Sc1nc2ccccc2s1,c1ccc2scnc2c1,,
Nc1ccccc1C(=O)C1CC1,Nc1ccccc1C(O)C1CC1,,
C=CCc1ccccc1OC,CC=Cc1ccccc1OC,,
O=C1NC(c2ccccc2)C1O,O=C1NC(C2CCCCC2)C1O,,
CN1CCC(CCO)C1=O,CN1CCC(CCO)C1,,
CCOC(=O)c1cnc(N)s1,CCOC(=O)c1cncs1,,
CC1=CCC=CC1C(=O)O,Cc1ccccc1C(=O)O,,
Cc1cc(C)cc(N=C=O)c1,Cc1cc(C)cc(N)c1,,
CCOC(=O)c1cnn(C)c1N,CCOC(=O)c1cnn(C)c1,,
Nc1cccc2cccnc12,Nc1cccc2c1NCCC2,,
C#CCO.C1=COCCC1,C#CCOC1CCCCO1,,
O=C(O)C(O)C(O)C(=O)O,O=C1OC(=O)C(O)C1O,,
CCCCC(CC)C(=O)[O-],CCCCC(CC)C(=O)O,,
C#Cc1ncccc1C(=O)OCC,C=Cc1ncccc1C(=O)OCC,,
CCCCC(=O)CC.NO,CCCCC(CC)=NO,,
C=CCOCC1CNCCO1,CC=COCC1CNCCO1,,
CC(=O)c1ccc(O)cc1,OCc1ccc(O)cc1,,
COc1cc(C#N)ccn1,COc1cc(CN)ccn1,,
N#Cc1ccnc(N)c1,NCc1ccnc(N)c1,,
CCCCCC/C=C/C(=O)OCC,CCCCCC/C=C/C(=O)O,,
CN1CCC(N)(C#N)CC1,CN1CCC(N)(CN)CC1,,
CN1CCC(N)(C(=O)O)CC1,CN1CCC(N)(CO)CC1,,
COc1cccc(CCC(=O)O)c1,COc1cccc(CCCO)c1,,
CC(C)Oc1cccc(C=O)c1,CC(C)Oc1cccc(CO)c1,,
N#CCCCCCCCCCCC#N,NCCCCCCCCCCCCN,,
CN(C)c1ccncc1C=O,CN(C)c1ccncc1CO,,
CC=Cc1cccc(O)c1,CCCc1cccc(O)c1,,
CCc1cc(O)cc(C)c1N=O,CCc1cc(O)cc(C)c1N,,
c1ccc2c(c1)CCNC2,C1=NCCc2ccccc21,,
CN(C)c1ccc(N)cc1,CN(C)C1CCC(N)CC1,,
COc1ccc(O)c(C=O)c1,COc1ccc(O)c(CO)c1,,
Nc1cccc2cccnc12,Nc1cccc2c1NCCC2,,
O=CNCCN1CCCNCC1,CNCCN1CCCNCC1,,
COCCCCCCC(=O)O,COCCCCCCCO,,
COCCCCCCCCCCCC(=O)O,COCCCCCCCCCCCCO,,
COc1ccc(C=O)cc1O,COc1ccc(C=O)cc1,,
CSc1ccc(C=O)cc1,CSc1ccc(CO)cc1,,
Cc1cccc2sc(N)nc12,Cc1cccc2scnc12,,
ON=C1CCCCCCC1,ONC1CCCCCCC1,,
Cc1cncc(C(N)=O)c1,Cc1cncc(C#N)c1,,
Cc1ncccc1C(N)=O,Cc1ncccc1C#N,,
CCCCC#CCCO,C#CCCCCCCO,,
CCCCC#CCCO,C#CCCCCCCO,,
C=CCCCCCC=CC,C=CCCCCCC=C,,
C=CC(C)(C)CC(=O)OC,C=CC(C)(C)CC(=O)O,,
ON=Cc1ccccc1O,N#Cc1ccccc1O,,
CCCC(O)CC(=O)OCC,CCCC(O)CC(=O)O,,
OCCCCOCCc1ccccc1,C=CCCOCCc1ccccc1,,
NC(Cc1ccccc1)C(=O)O,NC(CC1CCCCC1)C(=O)O,,
CC=NC1CCCCCC1,CCNC1CCCCCC1,,
O=Cc1ccc(C=O)cc1,O=Cc1ccc(CO)cc1,,
Cc1ccc(S(=O)[O-])cc1,Cc1ccc(S(=O)O)cc1,,
CCCCC(N)(CC)C(=O)OCC,CCCCC(N)(CC)CO,,
CCCCC(N)(CC)CO,CCCCC1(CC)CN1,,
Nc1ncccc1C(=O)O,Nc1ncccc1CO,,
O=Cc1cccc2ccccc12,c1ccc2ccccc2c1,,
C#Cc1ncccc1C(=O)OCC,C=Cc1ncccc1C(=O)OCC,,
O=C(O)Cc1cccnc1,O=C(O)CC1CCCNC1,,
Nc1nc2c(N)cccc2s1,Nc1cccc(S)c1N,,
CCCCCCCCC=NOC,CCCCCCCCCN,,
N#Cc1cccc(O)c1C#N,N#Cc1ccccc1C#N,,
N#Cc1ccc(O)cc1C#N,N#Cc1ccccc1C#N,,
N#Cc1cccc(O)c1C#N,N#Cc1ccccc1C#N,,
N#Cc1cccc(O)c1C#N,N#Cc1ccccc1C#N,,
O=C1CN2CCCN1CC2,C1CN2CCN(C1)CC2,,
CC1=NCCc2ccccc21,CC1NCCc2ccccc21,,
c1ccc2c(c1)CCNC2,C1=NCCc2ccccc21,,
Cc1cc2ccccc2cn1,CC1Cc2ccccc2CN1,,
CCCC(=O)c1ccccc1,CCCC(O)c1ccccc1,,
CC(=O)c1cnccn1,CC(O)c1cnccn1,,
N#Cc1ccccc1C=O,NCc1ccccc1CO,,
COc1ccc(OC(C)=O)cn1,COc1ccc(O)cn1,,
O=C(O)CCCCC(=O)O,O=C1CCCCC(=O)O1,,
O=C(O)c1cccc(O)n1,O=C(O)c1ccccn1,,
N#Cc1ccc(C=O)s1,N#Cc1ccc(CO)s1,,
C=CCCCCCC.O=O,CCCCCCC(C)=O,,
OCCCc1ccncc1,OCCCC1CCNCC1,,
CCOC(=O)C1CCCC1=O,CCOC(=O)CC(C)=O,,
OC1CCOc2ccccc21,C1=Cc2ccccc2OC1,,
Nc1cnc2ccccc2c1,NC1CNc2ccccc2C1,,
CC=CCC(N)(CC)CO,CC=CCC1(CC)CN1,,
O=C(O)c1ccc2ccccc2c1,O=C(O)C1CCc2ccccc2C1,,
CCc1ncccc1C(=O)[O-],CCc1ncccc1CO,,
O=[N+]([O-])C=Cc1ccccc1,O=[N+]([O-])CCc1ccccc1,,
COCCCCCCCCCCCC(N)=O,COCCCCCCCCCCCC#N,,
Oc1cc2ccccc2cc1O,c1ccc2ccccc2c1,,
CC1NC=Cc2ccsc21,CC1NCCc2ccsc21,,
O=C1CCCc2ncccc21,OC1CCCc2ncccc21,,
N.O=C(O)/C=C\C(=O)O,NC(CC(=O)O)C(=O)O,,
O=CC=Cc1ccncc1,O=CCCC1CCNCC1,,
Cc1nccc2ccccc12,Cc1nccc2c1CCCC2,,
COCCCCC(=O)OC,COCCCCC(=O)O,,
CSCCC(N)C(=O)[O-],CSCCC(N)C(=O)O,,
CCCCC(C)C(=O)OC,CCCCC(C)C(=O)O,,
O=C(O)c1nccc2ccccc12,O=C(O)C1NCCc2ccccc21,,
O=C(c1ccco1)N1CCNCC1,O=C(C1CCCO1)N1CCNCC1,,
OCCC#Cc1ccncc1,OCCCCc1ccncc1,,
C1CCC2CCCCC2C1,c1ccc2ccccc2c1,,
CC(C)(C)C(C)(C)O.OO,CC(C)(C)C(C)(C)OO,,
Cc1cn(N)c(=O)n1C,CC1CN(N)C(=O)N1C,,
CCOC(=O)Cc1ccc(O)cc1,CCOC(=O)CC1CCC(O)CC1,,
O=CC=Cc1ccccc1,O=CCCc1ccccc1,,
NCC1CCC(CN)CC1,NCc1ccc(CN)cc1,,
COC(=O)CC(O)C(=O)OC,COC(=O)CC(O)CO,,
C=C(C#N)CCC(=O)[O-],C=C(C#N)CCC(=O)O,,
N#CCCCCC(=O)[O-],N#CCCCCC(=O)O,,
CCOC(=O)C(C)=CC(C)C,CCOC(=O)C(C)C=C(C)C,,
NC1(C(=O)O)CCCCC1,NC1(CO)CCCCC1,,
CSc1ccccc1C#N,CSc1ccccc1CN,,
NCc1ccc(C(=O)O)cc1,NCc1ccc(CO)cc1,,
CC(=O)c1ccccc1,CC(O)c1ccccc1,,
COC(=O)c1sccc1C(C)=O,COC(=O)c1sccc1C(C)O,,
CCc1ccsc1C(=O)OC,CCc1ccsc1C(=O)O,,
CC1CC(=O)NC1CCCO,C=CCC1NC(=O)CC1C,,
CC(C(=O)O)C(C)C(=O)O,CC1C(=O)OC(=O)C1C,,
COC(=O)c1cccc2ccoc12,COC(=O)c1cccc2c1OCC2,,
CCC(C#N)CC(=O)[O-],CCC(C#N)CC(=O)O,,
N#Cc1ccc(C=O)cc1,N#Cc1ccc(CO)cc1,,
N#CCC1C=CC=CO1,NCCC1C=CC=CO1,,
CC(C)(C#N)c1ccccn1,CC(C)(CN)c1ccccn1,,
NC(CC(=O)[O-])C(=O)[O-],NC(CC(=O)O)C(=O)O,,
N#CCCCC1OCCO1,NCCCCC1OCCO1,,
CC(C)(C)c1ccc(O)cc1,CC(C)(C)C1CCC(O)CC1,,
C=C1C(=O)OC(C)(C)C1C,C=C1C(=O)OC(C)C1C,,
C=CCc1ccc(OC)cc1,C=CCc1ccc(O)cc1,,
C=Cc1ccc(O)cc1,C#Cc1ccc(O)cc1,,
CCOC(=O)CC(C)=O,CCOC(=O)CC(C)O,,
CCCC[C@](N)(CC)C(=O)O,CCCC[C@](N)(CC)CO,,
C=CCc1ccc(OC)cc1,C=CCc1ccc(O)cc1,,
O=C(O)c1ccccc1C(=O)O,O=C(O)c1ccccc1,,
COc1ccc(C=O)c(O)c1,COc1ccc(C)c(O)c1,,
O=CNCCc1cccs1,CNCCc1cccs1,,
C=C(CC)c1ccccc1,CCC(C)c1ccccc1,,
C=CC(O)(CCCC)CCCC,C=CC(=CCCC)CCCC,,
C=CC1(O)CCCCCCC1,C=CC1=CCCCCCC1,,
O=C(O)C1(CO)CCOCC1,O=C1OCC12CCOCC2,,
O=C(O)C1(CO)CCOCC1,O=C1OCC12CCOCC2,,
C=Cc1ccc(O)cc1,C#Cc1ccc(O)cc1,,
COC(=O)CCCCCC(=O)OC,COC(=O)CCCCCC(=O)O,,
Cc1cccc(CC#CO)n1,Cc1cccc(CCCO)n1,,
C#CC(C)(O)CCCC(C)C,C=CC(C)(O)CCCC(C)C,,
C=Cc1ccccc1O,CCc1ccccc1O,,
C=Cc1ccc(OC(C)=O)cc1,C=Cc1ccc(O)cc1,,
Cc1ccc(O)c(C(=O)O)c1,Cc1ccc(O)c(CO)c1,,
COC1CCC(C(=O)O)CC1,COC1CCC(CO)CC1,,
Cc1ccnc2ccccc12,Cc1ccnc2c1CCCC2,,
Cc1ccc(S(=O)[O-])cc1,Cc1ccc(S(=O)O)cc1,,
Cc1cc(=O)cc(C)o1,CC1CC(O)CC(C)O1,,
CC(NCCO)c1ccccc1,CC1NCCc2ccccc21,,
O=C(O)C1CCC=CO1,O=C(O)C1CCCCO1,,
COCc1ccc(C(=O)O)o1,COCC1CCC(C(=O)O)O1,,
Cc1ccc(C(=O)O)o1,CC1CCC(C(=O)O)O1,,
Cc1ccoc1C(=O)O,CC1CCOC1C(=O)O,,
C=Cc1ccc(OC(C)=O)cc1,C#Cc1ccc(O)cc1,,
O=C(O)c1cccc2ncccc12,O=C(O)c1cccc2c1CCCN2,,
C=C(CC(C)C)C(=O)OCC,C=C(CC(C)C)C(=O)O,,
Nc1ccc(CCO)cc1,C=Cc1ccc(N)cc1,,
Cc1cccc2c(C)cccc12,Cc1cccc2c1CCCC2C,,
NCCc1ccc(O)cc1,NCCC1CCC(O)CC1,,
N#CCc1cccnc1,NCCc1cccnc1,,
C#CC(N)CC(=O)OCC,C=CC(N)CC(=O)OCC,,
CCC=CCCCCCCCC,CCCCCCCCCCCC,,
COc1ccc(CCCN)cc1,COC1CCC(CCCN)CC1,,
CCOC1(OCC)CCCCC1,CCOC1=CCCCC1,,
COC(=O)C1=CCCN(C)C1,COC(=O)C1=CCCNC1,,
O=CCCCC1CCCC1,OCCCCC1CCCC1,,
O=Cc1cccc2c1OCC2,O=Cc1cccc2ccoc12,,
OCCCCCCCCCCO,CCCCCCCCCCO,,
CC(=O)c1cccc(N)c1O,CC(=O)c1ccccc1,,
CCC1=CC(CC)COC1O,CCC(CO)CC(CC)CO,,
O=C1CN2CCC1CC2,OC1CN2CCC1CC2,,
O=C1CN2CCC1CC2,OC1CN2CCC1CC2,,
CC1(C)CC(=O)CC(=O)C1,CC1(C)CC(O)CC(O)C1,,
CCOC(=O)Cc1ccncc1,CCOC(=O)CC1CCNCC1,,
CC(=O)c1ccccc1,CC(O)c1ccccc1,,
CC(=O)c1ccccc1,CC(O)c1ccccc1,,
CCCOCCCC(C)=O,CCCOCCCC(C)O,,
COc1cccc2c1C(=O)C2,COc1cccc2c1C(O)C2,,
N#CCC1(CC#N)CC1,N#CCC1(CCN)CC1,,
Nc1cccc2cnccc12,Nc1cccc2c1CCNC2,,
CC(C)(C)c1ccccc1O,CC(C)(C)C1CCCCC1O,,
O=CNNc1ccccc1,CNNc1ccccc1,,
N#Cc1csc(C=NO)c1,N#Cc1csc(CN)c1,,
N#Cc1ccc(C=O)o1,N#Cc1ccc(CO)o1,,
Cc1ccccc1[N+](=O)[O-],Cc1ccccc1NO,,
COc1ccccc1OC(C)C#N,COc1ccccc1OC(C)CN,,
c1ccc(Oc2ccncc2)cc1,c1ccc(OC2CCNCC2)cc1,,
C#CC(C)(O)CCC=C(C)C,C=CC(C)(O)CCC=C(C)C,,
O=[N+]([O-])c1ccc(O)cc1,O=[N+]([O-])c1ccccc1,,
CC(=O)c1ccccc1,CC(O)c1ccccc1,,
CC(=O)c1ccccc1,CC(O)c1ccccc1,,
CC#CC1=CCCCC1,C#CC=C1CCCCC1,,
CCCCNC(=O)CCCO,CCCCNCCCCO,,
COc1ccc(C=O)c(OC)n1,COc1ccc(C=O)c(O)n1,,
COc1cccc2cnccc12,COc1cccc2c1CCNC2,,
OCCCCCCCCCCO,CCCCCCCCCCO,,
CC(CCO)CCc1ccccc1,CC(CCO)CCC1CCCCC1,,
COc1ccc(C)c(OC)c1,Cc1ccc(O)cc1O,,
CC(CO)Cc1ccccc1,CC(CO)CC1CCCCC1,,
Cc1ccc(C)c(OC=O)c1,Cc1ccc(C)c(O)c1,,
CCOC(=O)C(C)C(=O)OCC,CCOC(=O)C(C)C(=O)O,,
C=Cc1ccc(OC(C)=O)cc1,C#Cc1ccc(O)cc1,,
Cc1ccc(C)c2c1CCC2=O,Cc1ccc(C)c2c1C=CC2,,
Cc1ccc2cccc(O)c2n1,CC1CCc2cccc(O)c2N1,,
COc1ccc(C)c(C=O)c1,Cc1ccc(O)cc1C=O,,
O=C(O)C=Cc1cccs1,O=C(O)CCc1cccs1,,
CCOC(=O)CC1=CCOCC1,CCOC(=O)CC1CCOCC1,,
COc1cccc2ccoc12,Oc1cccc2ccoc12,,
COc1ccccc1NC=O,CNc1ccccc1OC,,
O=C1COc2ccccc2N1,c1ccc2c(c1)NCCO2,,
C#CCN(C)C.O=C=O,CN(C)CC#CC(=O)O,,
Cc1ccccc1[N+](=O)[O-],Cc1ccccc1NO,,
Cc1ccccc1[N+](=O)[O-],Cc1ccccc1NO,,
C=Cc1ccc(O)cc1,C#Cc1ccc(O)cc1,,
C=Cc1ccc(O)cc1,C#Cc1ccc(O)cc1,,
C=Cc1ccc(O)cc1,C#Cc1ccc(O)cc1,,
C=Cc1ccc(O)cc1,C#Cc1ccc(O)cc1,,
C=Cc1ccc(O)cc1,C#Cc1ccc(O)cc1,,
C=Cc1ccc(O)cc1,C#Cc1ccc(O)cc1,,
C=Cc1ccc(O)cc1,C#Cc1ccc(O)cc1,,
C=Cc1ccc(O)cc1,C#Cc1ccc(O)cc1,,
OCCc1ccccn1,OCCC1CCCCN1,,
OCCc1ccccn1,OCCC1CCCCN1,,
OCCc1ccccn1,OCCC1CCCCN1,,
N#Cc1cccc(C#N)c1,N#Cc1cccc(CN)c1,,
N#Cc1ccc(C#N)cc1,N#Cc1ccc(CN)cc1,,
CCC(=O)NC1CCOC1,CCCNC1CCOC1,,
NC(=O)c1ccc(N)nc1,NCc1ccc(N)nc1,,
CCCCc1ccc(C#N)cc1,CCCCc1ccc(CN)cc1,,
Cc1cnnc2ccccc12,CC(CN)c1ccccc1N,,
N#Cc1ncccc1N=[N+]=[N-],N#Cc1ncccc1N,,
COC(=O)c1cccc2c1OCC2,COC(=O)c1cccc2ccoc12,,
CCc1c(C)cccc1C(=O)OC,CCc1c(C)cccc1C(=O)O,,
O=S(=O)([O-])c1ccccc1,O=S(=O)(O)c1ccccc1,,
CCCCCCCCCCCCCCCCCC#N,CCCCCCCCCCCCCCCCCCN,,
C=Cc1ncn2ccsc12,CCc1ncn2ccsc12,,
NCCc1ccccc1,NCCC1CCCCC1,,
Cc1cccc(C(C)C)c1C=O,Cc1cccc(C(C)C)c1CO,,
C=Cc1ccc(C(=O)OC)cc1,C=Cc1ccc(C(=O)O)cc1,,
O=C(O)CCCCC(=O)O,O=C1CCCCC(=O)O1,,
CCCC(C)(C)CC(=O)OCC,CCCC(C)(C)CC(=O)O,,
Nc1cccc(C(=O)O)c1,NC1CCCC(C(=O)O)C1,,
Cc1c(O)cccc1C(=O)O,Cc1c(O)cccc1CO,,
Oc1cccc2occc12,Oc1cccc2c1CCO2,,
CC(C)(C#N)c1ccccc1,CC(C)(CN)c1ccccc1,,
CCCCOC(=O)NC(N)=O,CCCCOC(=O)OCCCC,,
OCCCc1ccccn1,OCCCC1CCCCN1,,
OCc1cnc2ccccc2c1,OCC1CNc2ccccc2C1,,
O=Cc1cncc2ccccc12,OCc1cncc2ccccc12,,
CCOC(=O)C(C)C(C)=O,CCOC(=O)C(C)C(C)O,,
CC(=O)c1ccccc1,CC(O)c1ccccc1,,
CC1(C)C=CC(=O)CC1,CC1(C)CCC(=O)CC1,,
N#Cc1ccc(C=O)cc1,N#Cc1ccc(CO)cc1,,
CCOC(=O)/C=C/CC(C)C,CCOC(=O)CCCC(C)C,,
CCSc1ccccc1C(=O)OC,CCSc1ccccc1CO,,
CN(C)C(=N)N=C(N)N,CN(C)C(=N)NC(=N)N,,
CC(=O)CCC=C1CCCC1,CC(=O)CCCC1=CCCC1,,
CC(=O)CCCC1CCCC1,CC(O)CCCC1CCCC1,,
COc1ccc2c(c1O)CCC2=O,COc1ccc2c(c1O)CCC2,,
c1ccc(OCc2ccccn2)cc1,c1ccc(OCC2CCCCN2)cc1,,
Cc1ncc(C=CC=O)cn1,Cc1ncc(C=CCO)cn1,,
COc1cc(O)ccc1C=O,COc1ccccc1C=O,,
COc1cc(O)ccc1C=O,COc1ccccc1C=O,,
COc1cc(O)ccc1C=O,COc1ccccc1C=O,,
CCC1(O)CC2CCC1C2,CC=C1CC2CCC1C2,,
Cc1ccccc1S(=O)[O-],Cc1ccccc1S(=O)O,,
N#CCCCc1ccncc1,NCCCCc1ccncc1,,
N#Cc1cccc(N)c1,NCc1cccc(N)c1,,
O=C(O)CC1CCCCC1=O,O=C1CC2CCCCC2O1,,
O=Cc1ccc(C=O)cc1,O=Cc1ccc(CO)cc1,,
CC1(C)OC(=O)C2OC21,CC1(C)OC(=O)CC1O,,
O=C(c1ccco1)N1CCNCC1,O=C(C1CCCO1)N1CCNCC1,,
CCC(C=O)(CO)CO,CCC(CO)(CO)CO,,
Nc1c(N=O)cnn1CCO,Nc1cnn(CCO)c1N,,
CCCCCCC(=O)CC,CCCCCCC(O)CC,,
CC(C)C1=CC(=O)CC1,CC(C)C1CCC(=O)C1,,
CC(=O)C=Cc1ccccc1,CC(=O)CCc1ccccc1,,
CC1(C)C=CC(=O)CC1,CC1(C)CCC(=O)CC1,,
O=C(O)C1CCCCCC1,OCC1CCCCCC1,,
CSCCNC(=O)CSC,CSCCNCCSC,,
CC(C)(O)Cc1ccccc1,CC(C)(O)CC1CCCCC1,,
Cc1cc(=O)cc(C)o1,CC1CC(=O)CC(C)O1,,
CCCc1ccc(O)c(OC)c1,CCCc1ccc(O)c(O)c1,,
O=C1CCc2ccccc21,OC1CCc2ccccc21,,
CC(C)(C)OC(=O)NCCCN,CCOC(=O)NCCCN,,
CCCCC=C1CCCC1=O,CCCCCC1=CCCC1=O,,
CCCCC=C1CCCC1=O,CCCCCC1=CCCC1=O,,
CCCN1CCC(C(N)=O)CC1,CCCN1CCC(CN)CC1,,
OC1CCc2ccccc21,C1=Cc2ccccc2C1,,
CC(C)Cc1ccc(C=O)cc1,CC(C)Cc1ccc(CO)cc1,,
Cc1cc(N(C)C)cc[n+]1[O-],Cc1cc(N(C)C)ccn1,,
COc1ccc2c(c1)CCN=C2,COc1ccc2c(c1)CCNC2,,
O=C(O)c1ccc2ccccc2n1,O=C(O)C1CCc2ccccc2N1,,
O=C1NCc2c(O)cccc21,O=C1NCc2ccccc21,,
O=C1NCc2c(O)cccc21,O=C1NCc2ccccc21,,
CN(C)CCCCC#N,CN(C)CCCCCN,,
Cc1ncoc1C=O.NO,Cc1ncoc1C=NO,,
CCc1ccc(C(N)=O)cc1,CCc1ccc(CN)cc1,,
COc1cccc(CCC(=O)O)c1,COc1cccc(CCCO)c1,,
N#Cc1ccc2c(c1)OCO2,N#Cc1ccc(O)c(O)c1,,
Nc1cc(CCC(=O)O)ccn1,Nc1cc(CCCO)ccn1,,
Nc1ccc(C#CCO)cn1,Nc1ccc(CCCO)cn1,,
O=[N+]([O-])c1cccc(O)c1,O=[N+]([O-])c1ccccc1,,
COc1ccc2c(c1)CCCC2=O,COc1ccc2c(c1)CCCC2O,,
COc1ccc2c(c1)CCCC2O,COc1ccc2c(c1)CCC=C2,,
CCCCCCC#CCO,C#CCCCCCCCO,,
C#CCCCCCCCO,C#CCCCCCCO,,
CCC#CCCCCCCCCO,C#CCCCCCCCCCCO,,
CCCCCCCCCCCCC#CCO,C#CCCCCCCCCCCCCCO,,
CCC1CCCCC1=NO,CCC1CCCCC1N,,
O=C(O)C=Cc1ccncc1,O=C(O)CCc1ccncc1,,
N#CCCc1ccccn1,NCCCc1ccccn1,,
CCOC(=O)Cc1cccnc1,CCOC(=O)CC1CCCNC1,,
CN(C)C(=O)c1cccnc1,CN(C)C(=O)C1CCCNC1,,
COc1ccc(C#N)cn1,COc1ccc(CN)cn1,,
N#CCC(=O)c1cccs1,N#CCC(O)c1cccs1,,
N#CCC(O)c1cccs1,NCCC(O)c1cccs1,,
CC(=O)CC(C)(C)O.NO,CC(CC(C)(C)O)=NO,,
O=C1Nc2ccccc2C1=O,O=C1Cc2ccccc2N1,,
O=C1Nc2ccccc2C1=O,O=C1Cc2ccccc2N1,,
Cc1cccc2c1SCCC(=O)N2,Cc1cccc2c1SCCCN2,,
COC(=O)C1(C#N)CCCC1,COC(=O)C1(CN)CCCC1,,
Nc1ncc(C2(O)CCC2)s1,Nc1ncc(C2CCC2)s1,,
CCCCC/C=C/C(C)=O,CCCCC/C=C/C(C)O,,
COC1=CCC(OC)O1,COC1CCC(OC)O1,,
OCC#Cc1ncccn1,OCCCc1ncccn1,,
CN(C)c1ncccc1C#N,CN(C)c1ncccc1CN,,
O=Cc1ccc(C=O)cc1,O=Cc1ccc(CO)cc1,,
C#CCO.C1=COCCC1,C#CCOC1CCCCO1,,
N#Cc1cc(C=O)cs1,N#Cc1cc(CO)cs1,,
Cc1cc(C=O)sc1C#N,Cc1cc(CO)sc1C#N,,
OCc1ccc2ccccc2n1,OCC1CCc2ccccc2N1,,
N#CCCCCC(=O)O,NCCCCCC(=O)O,,
Oc1ccc(O)c(O)c1O,Oc1cccc(O)c1O,,
CCOC(=O)c1cccc(O)c1,CCOC(=O)c1ccccc1,,
Cc1ccc(C=NO)cc1,Cc1ccc(C#N)cc1,,
CON=Cc1ccccc1C,CONCc1ccccc1C,,
CSc1ccsc1C=O,CSc1ccsc1CO,,
CCOC(=O)Cc1ccccn1,CCOC(=O)CC1CCCCN1,,
COc1ncccc1CC(=O)O,COc1ncccc1CCO,,
CSc1ccc(C=O)cc1C,CSc1ccc(CO)cc1C,,
N#Cc1ccc2c(c1)OCO2,N#Cc1ccc(O)c(O)c1,,
O=Cc1ccnc2ccccc12,c1ccc2ncccc2c1,,
Nc1cccc(C(=O)O)c1,NC1CCCC(C(=O)O)C1,,
CC(C)(C)N1CCC(=O)CC1,CC(C)(C)N1CCC(O)CC1,,
CSc1cccc(C(=O)O)c1,CSc1cccc(CO)c1,,
COc1cc(C(N)=O)on1,COc1cc(C#N)on1,,
NC1CC2CC1C1C=CCC21,NC1CC2CC1C1CCCC21,,
COc1ccc(C=O)c(O)c1,COc1ccc(C)c(O)c1,,
CCCCC(O)C1CCCC1=O,CCCCC=C1CCCC1=O,,
CCCCCC=C1CCCC1=O,CCCCCCC1=CCCC1=O,,
CCCCC=C1CCCC1=O,CCCCCC1=CCCC1=O,,
CCCCCCC=C1CCCC1=O,CCCCCCCC1=CCCC1=O,,
CCCCC=C1CCCC1=O,CCCCCC1=CCCC1=O,,
CC#CCCC(C)CCCCCCCCC,C#CCCCC(C)CCCCCCCCC,,
CC1CCc2ccccc2C1=O,Cc1ccc2ccccc2c1O,,
COc1cc(C#N)ccn1,COc1cc(CN)ccn1,,
O=C(O)C1CC=CCC1,O=C(O)C1CCCCC1,,
O=C(O)C1CC=CCC1,O=C(O)C1CCCCC1,,
CC1(C)C=CC(=O)CC1,CC1(C)CCC(=O)CC1,,
COc1cccc(CC(C)=O)c1,COc1cccc(CC(C)O)c1,,
O=CN1CCN(CCCO)CC1,OCCCN1CCNCC1,,
Cc1cccc(C#N)n1,Cc1cccc(CN)n1,,
COc1cc2cncnc2cc1O,COc1ccc2ncncc2c1,,
N#CC1=CCCc2sccc21,N#Cc1cccc2sccc12,,
O=C1CCCc2sccc21,Oc1cccc2sccc12,,
CCCC1(C)CC(=O)NC1=O,CCCC1(C)CCNC1,,
C=C1OC(=O)C2CCC1C2,O=C1CC(=O)C2CCC1C2,,
C=C1OC(=O)C2CCC1C2,O=C1CC(=O)C2CCC1C2,,
O=Cc1ccoc1C1OCCO1,O=Cc1ccoc1C=O,,
C=CCCCCCCCCCNC=O,CCCCCCCCCCCNC=O,,
N#Cc1ccc(C=O)cc1,N#Cc1ccc(CO)cc1,,
O=C(O)CCCCC1CCSS1,O=C(O)CCCCC(S)CCS,,
CC(=O)C(C)C(C)C(C)=O,Cc1oc(C)c(C)c1C,,
CC(NC=O)C1CCNCC1,CC(NC=O)c1ccncc1,,
CCCOc1ccccc1C(=O)OC,CCCOc1ccccc1C(=O)O,,
O=C([O-])c1ccccc1,O=C(O)c1ccccc1,,
CC1CCCc2ccccc2C1=O,CC1CCCc2ccccc2C1O,,
Cc1cccc2c1CCC2=O,Cc1cccc2c1CCC2O,,
CCCCCCNCCC(=O)OC,CCCCCCNCCC(=O)O,,
COc1ccc2c(c1)CCC2=NO,COc1ccc2c(c1)CCC2N,,
CCC1Cc2ccccc2C1=NO,CCC1Cc2ccccc2C1N,,
CCCCC(C(C)=O)C(=O)OC,CCCCC(C(C)=O)C(=O)O,,
CC1(C(=O)O)CCCCC1,CC1(CO)CCCCC1,,
CC1(C)C=CC(=O)CC1,CC1(C)CCC(=O)CC1,,
Cc1c(O)ccc(C=O)c1O,Cc1ccc(O)c(C)c1O,,
NCc1cc2ccccc2oc1=O,O=c1ccc2ccccc2o1,,
CC1(C)C=CC(=O)CC1,CC1(C)CCC(=O)CC1,,
O=c1ccn2c(c1)C=CC2,Oc1ccn2cccc2c1,,
C=CCCCC=CCOC,CCCCCC=CCOC,,
O=C1CCc2ccccc21,C1=Cc2ccccc2C1,,
N#CC=CC1CCCO1,NCCCC1CCCO1,,
CCc1c(N)cccc1C(=O)OC,CCc1c(N)cccc1CO,,
Cc1cc(C#N)n(C)n1,Cc1cc(CN)n(C)n1,,
CCN(CC)CC(=O)[O-],CCN(CC)CC(=O)O,,
CCCC1CCC(O)CC1,CCCC1CC=CCC1,,
CC(C)(C)C1CCC(O)CC1,CC(C)(C)C1CC=CCC1,,
CCc1csc(C=O)c1,CCc1csc(CO)c1,,
Cn1ccc(C(N)=O)cc1=O,Cn1ccc(C#N)cc1=O,,
CCC(O)c1ccccc1,CC=Cc1ccccc1,,
CCC(O)c1ccccc1,CC=Cc1ccccc1,,
CCC(O)c1ccccc1,CC=Cc1ccccc1,,
Cc1ccc(C(=O)O)cn1,Cc1ccc(CO)cn1,,
C#Cc1cnc(N)cn1,CCc1cnc(N)cn1,,
C=Cc1ccncc1C#N,CCc1ccncc1C#N,,
CC(NC=O)c1ccncc1,CC(NC=O)C1CCNCC1,,
N#Cc1cccc(C=O)c1,N#Cc1cccc(CO)c1,,
C=CCN=CC(C)CC=C,C=CCNCC(C)CC=C,,
C=CCCC(C)=NCC=C,C=CCCC(C)NCC=C,,
CCOC(=O)CC(C)O.N,CCOC(=O)CC(C)N,,
Cc1cccc(C(=O)O)n1,CC1CCCC(C(=O)O)N1,,
OCCc1ccncc1,OCCC1CCNCC1,,
O=C1CCc2c(O)cccc21,O=C1CCc2ccccc21,,
CCOC(OCC)C1(C=O)CC1,CCOC(OCC)C1(CO)CC1,,
C=COCCCCCCOC=C,C=COCCCCCCO,,
C=Cc1ccc(N)nc1,CCc1ccc(N)nc1,,
CN1C(=O)c2ccccc2C1=O,CN1C(=O)c2ccccc2C1O,,
OCC1=Cc2ncccc2OC1,OCC1COc2cccnc2C1,,
CN1CCc2ccccc21,Cn1ccc2ccccc21,,
Cn1ccc2ccccc21,CN1CCc2ccccc21,,
NCc1ccc(C(=O)O)cc1,NCc1ccc(CO)cc1,,
Cc1ncccc1C(=O)O,Cc1ncccc1CO,,
Cc1ncccc1C=O,Cc1ncccc1CO,,
CCCC1(C(=O)OC)CCC1,CCCC1(CO)CCC1,,
C=CCc1ccc2c(c1)OCO2,CC=Cc1ccc2c(c1)OCO2,,
C#CCCCCCCCCCO,C=CCCCCCCCCCO,,
OCCCCCC=C1CCCC1,OCCCCCCC1CCCC1,,
CC(C)=CCCCCCO,CC(C)CCCCCCO,,
CCOC(=O)C1CCCC1=O,CCOC(=O)C1CCCC1O,,
CC(C)CCCCCC(=O)[O-],CC(C)CCCCCCO,,
CC1=CC(=C(C)C)C=C1,CC1=CC(C(C)C)=CC1,,
CCC(C=O)(CO)CO,CCC(CO)(CO)CO,,
CCC(C=O)(CO)CO,CCC(CO)(CO)CO,,
COc1ccc(OC)c(C=O)c1,COc1ccc(O)cc1C=O,,
CN1CCC(C(N)=O)CC1,CN1CCC(CN)CC1,,
N#Cc1cccc(C#N)c1,N#Cc1cccc(CN)c1,,
N#Cc1ccc(C=O)cc1,NCc1ccc(CO)cc1,,
N#Cc1cccc(C=O)c1,NCc1cccc(CO)c1,,
COc1cccc(SC)c1,CSc1cccc(O)c1,,
CCSc1cccc(OC)c1,CCSc1cccc(O)c1,,
CCCCCCC1CO1,CCCCCCC(C)O,,
Oc1ccc(Oc2ccccc2)cc1,Oc1ccc(-c2ccccc2)cc1,,
CCC(=CC(=O)OC)CC,CCC(CC)CC(=O)O,,
CCC(=CC(=O)OC)CC,CCC(=CC(=O)O)CC,,
c1cncc(CN2CCCC2)c1,C1CNCC(CN2CCCC2)C1,,
Cc1cnc(C(=O)O)cn1,Cc1cnc(C=O)cn1,,
CN(C)Cc1cc(C#N)ccn1,CN(C)Cc1cc(CN)ccn1,,
Cc1cccnc1C#N,Cc1cccnc1CN,,
Cc1cc(=O)cc(C)o1,CC1CC(=O)CC(C)O1,,
CC(C)(O)c1ccccc1,CC(C)c1ccccc1,,
C1CN2CCC1C1(CO1)C2,O=C1CN2CCC1CC2,,
O=C(O)C=Cc1cccs1,O=C(O)CCc1cccs1,,
N#CCCc1ccsc1C#CCO,N#CCCc1ccsc1CCCO,,
Cc1cc(C=O)ccc1O,Cc1cc(CO)ccc1O,,
CCc1cc(C=O)ccc1O,CCc1cc(CO)ccc1O,,
NCCCCC(N)C(=O)O,NC1CCCCNC1=O,,
Cc1ccc2c(c1)C(O)CC2,Cc1ccc2c(c1)C=CC2,,
C#CCNC(=O)OC(C)(C)C,C=CCNC(=O)OC(C)(C)C,,
COc1ccccc1C(C)=O,COc1ccccc1C(C)O,,
CCOC(=O)CC1CCOCC1,OCCC1CCOCC1,,
Cc1ncc(C=O)n1C1CC1,Cc1ncc(C=O)n1C(C)C,,
N#Cc1ccc2c(c1)CCC2=O,N#Cc1ccc2c(c1)CCC2O,,
C=CCn1cccc1C(=O)OC,C=CCn1cccc1C(=O)O,,
CC(C)N1CCC(=O)CC1,CC(C)N1CCC(O)CC1,,
COC(=O)c1cnc(N)s1,COC(=O)c1cncs1,,
COc1ccc(C=O)c(O)c1,COc1ccc(C)c(O)c1,,
COC1(C#N)CCOCC1,COC1(CN)CCOCC1,,
CCCn1ncc(C(=O)OC)n1,CCCn1ncc(CO)n1,,
CCn1c(CO)cnc1S,CCn1cncc1CO,,
O=C(O)C=Cc1nccs1,O=C(O)CCc1nccs1,,
O=CC=Cc1ccccc1,OCC=Cc1ccccc1,,
Nc1ccc2c(c1)CCC2=NO,Nc1ccc2c(c1)CCC2N,,
CCOc1nc(N)nc(N)c1N=O,CCOc1nc(N)nc(N)c1N,,
COc1ccccc1N,COC1CCCCC1N,,
c1cc2c(s1)OCCO2,c1scc2c1OCCO2,,
c1cc2c(s1)OCCO2,c1scc2c1OCCO2,,
Cc1cnc(C=NO)c(C)c1,Cc1cnc(CN)c(C)c1,,
C=CCOCCCCOCC=C,C=CCOCCCCO,,
CN1C2CCCC1CC(=NO)C2,CN1C2CCCC1CC(N)C2,,
CN1C2CCC1CC(=NO)C2,CN1C2CCC1CC(N)C2,,
C=CCC/C(C)=C\C(=O)OC,C=CCC/C(C)=C\C(=O)O,,
COCc1ccccc1[N+](=O)[O-],O=Cc1ccccc1[N+](=O)[O-],,
Cc1cccc(C(N)=O)c1N,Cc1cccc(CN)c1N,,
CCOC(=O)C(C)C(C)=O,CCOC(=O)C(C)C(C)O,,
CCOC(=O)C(CC)C(C)=O,CCOC(=O)C(CC)C(C)O,,
CCC(C(C)=O)C(=O)OC,CCC(C(=O)OC)C(C)O,,
N#CCc1ccc(C(=O)O)cc1,N#CCc1ccc(CO)cc1,,
CC(O)c1ccc(C#N)s1,CC(O)c1ccc(CN)s1,,
N#CCc1cc(C(=O)O)cs1,N#CCc1cc(CO)cs1,,
NC1=CCN(c2ccccc2)N1,Nc1ccn(-c2ccccc2)n1,,
COC(=O)C1CSCC1=NO,COC(=O)c1cscc1N,,
CCn1cnc(C=O)c1,CCn1cnc(CO)c1,,
CCCc1ccc(C(=O)O)cc1,CCCc1ccc(CO)cc1,,
O=C1CCc2ccccc21,OC1CCc2ccccc21,,
O=C1CC2(CCC2)CCO1,OC1CC2(CCC2)CCO1,,
N#Cc1cccc(CO)c1,NCc1cccc(CO)c1,,
Nc1cccc2c1CC(=O)CC2,Nc1cccc2c1CC(O)CC2,,
Nc1cccc2c1CC(=O)CC2,Nc1cccc2c1CC(O)CC2,,
N#Cc1ccc(N)nc1,NCc1ccc(N)nc1,,
Cc1ccccc1CCC(=O)O,Cc1ccccc1CCCO,,
c1ccc(Cc2cccnc2)cc1,c1ccc(CC2CCCNC2)cc1,,
c1ccc(C2CCCNC2)cc1,C1CCC(C2CCCNC2)CC1,,
CCC(=O)CC(=O)CC,CCC(O)CC(O)CC,,
CCC(C(C)=O)C(C)=O,CCC(C(C)O)C(C)O,,
Cc1cnc(C)c(NN)n1,Cc1cnc(C)c(N)n1,,
Cc1ccnc(C#N)c1.O,Cc1ccnc(C=O)c1,,
N#CC=Cc1ccncc1,N#CCCc1ccncc1,,
CN1C(=O)c2ccccc2C1=O,CN1C(=O)c2ccccc2C1O,,
OCc1cnnc2ccccc12,C1=NNc2ccccc2C1,,
COc1cccc2cnsc12,Oc1cccc2cnsc12,,
COc1cccc2scnc12,Oc1cccc2scnc12,,
CC1(C)C=CC(=O)CC1,CC1(C)CCC(=O)CC1,,
Nc1ccc(CCC(=O)O)cc1,Nc1ccc(CCCO)cc1,,
CCOC(=O)NN=CCC1CC1,CCOC(=O)NNCCC1CC1,,
COc1ccccc1O,COC1CCCCC1O,,
CC1(C)OCC(=O)CO1,CC1(C)OCC(O)CO1,,
O=C=O.c1cnc2ccoc2c1,O=C(O)c1nc2ccccc2o1,,
Oc1ccc2c(c1)OCC2O,Oc1ccc2ccoc2c1,,
CCn1ncnc1C=O.NO,CCn1ncnc1C=NO,,
COc1ccc(C)cc1C(N)=O,COc1ccc(C)cc1CN,,
NC1(C(=O)O)CCOCC1,NC1(CO)CCOCC1,,
C#CCO.C1=COCCC1,C#CCOC1CCCCO1,,
C=O.c1cc2cnccn2c1,O=Cc1ccc2cnccn12,,
CCCCCN=C=O.N,CCCCCNC(N)=O,,
N#CCCn1cncn1,NCCCn1cncn1,,
O=C1NCc2ccncc21,O=C1NCC2CCNCC12,,
C=CCCC(C)(C)C(=O)OCC,C=CCCC(C)(C)CO,,
Nc1ccsc1C(=O)[O-],Nc1ccsc1C(=O)O,,
COc1cc(O)ccc1C(N)=O,COc1cc(O)ccc1C#N,,
CCc1cccc2c(OC)cccc12,CCc1cccc2c(O)cccc12,,
CC(C)=CC(C)CCCCC=O,CC(C)=CC(C)CCCCCO,,
Cc1cncc(C(=O)O)c1,Cc1cncc(CO)c1,,
COc1ccnc(C#N)c1,COc1ccnc(CN)c1,,
COC(=O)C(O)C1CC1.NN,NNC(=O)C(O)C1CC1,,
OCCCc1ccncc1,OCCCC1CCNCC1,,
COC(=O)c1nn(C)nc1C=O,COC(=O)c1nn(C)nc1CO,,
N#CC1=CCc2ccccc21,N#CC1CCc2ccccc21,,
Nc1ccc(C(=O)O)cn1,Nc1ccc(CO)cn1,,
Cc1cn(C)c(=O)cn1,CC1CN(C)C(=O)CN1,,
Cc1ccc2ccccc2n1,CC1CCc2ccccc2N1,,
CC1CCc2ccc(N)cc2N1,Cc1ccc2ccc(N)cc2n1,,
Cc1cccc(CC#N)c1C,Cc1cccc(CCN)c1C,,
CC(C)=CCNCC(=O)O,CC=CCNCC(=O)O,,
COc1ccc(OCCC#N)cc1,COc1ccc(OCCCN)cc1,,
O=C(O)CCCc1ccsc1,O=C1CCCc2ccsc21,,
Cc1cc(C(N)=O)nn1C,Cc1cc(C#N)nn1C,,
CCc1cc(C(N)=O)nn1C,CCc1cc(C#N)nn1C,,
CCn1nc(C(N)=O)cc1C,CCn1nc(C#N)cc1C,,
CCCn1nc(C(N)=O)cc1CC,CCCn1nc(C#N)cc1CC,,
CN1C2CCC1CC(=O)NC2,CN1C2CCNCC1CC2,,
CN1CCc2nc(N)sc2C1,CN1CCc2ncsc2C1,,
N#CCN1CCC(O)CC1,NCCN1CCC(O)CC1,,
N#CCN1CCCCC1CO,NCCN1CCCCC1CO,,
N#CCN1CCCC1CO,NCCN1CCCC1CO,,
CCOC(=O)CC1CCOCC1,OCCC1CCOCC1,,
Cc1ccc(O)c(C=O)n1,Cc1cccc(C=O)n1,,
C=CCSc1ccccc1C(N)=O,C=CCSc1ccccc1CN,,
CC(=O)c1ccccn1,CC(O)c1ccccn1,,
COc1nccnc1C=O.NO,COc1nccnc1C=NO,,
O=C(O)C(O)c1ccccc1,O=C(O)C(O)C1CCCCC1,,
CCOc1noc2cc(OC)ccc12,CCOc1noc2cc(O)ccc12,,
COc1cccc(C(=O)O)c1C,COc1cccc(CO)c1C,,
O=C([O-])c1ccccc1,O=C(O)c1ccccc1,,
CC(C)C1NC(=O)CNC1=O,CC(C)C1CNCCN1,,
CCc1ccccc1C=CC(=O)O,CCc1ccccc1CCCO,,
O=C(CO)c1ccccc1,OCC(O)c1ccccc1,,
COc1ncccc1C=O,COc1ncccc1CO,,
COc1ccncc1C=O,COc1ccncc1CO,,
CC(C)=CCC/C(C)=C/CO,CC(C)CCCC(C)CCO,,
O=C(O)C=Cc1cccnc1,O=C(O)CCc1cccnc1,,
COc1ccc(C=O)c(O)c1,COc1ccc(C)c(O)c1,,
OC1CCC(C2CCCCC2)CC1,C1=CCC(C2CCCCC2)CC1,,
Cc1nccc2ccccc12,CC1NCCc2ccccc21,,
COC1COCCC1(OC)OC,COC1COCCC1=O,,
CCOC1COCCC1(OC)OC,CCOC1COCCC1=O,,
CCOC(=O)Cc1ccccn1,CCOC(=O)CC1CCCCN1,,
O=C(O)c1cc2ccccc2o1,O=C(O)C1Cc2ccccc2O1,,
COc1ccc(CC(=O)O)cc1,COc1ccc(CC=O)cc1,,
N#Cc1ccc(C(=O)O)cn1,N#Cc1ccc(CO)cn1,,
CNCCCC(=O)O.CO,CNCCCC(=O)OC,,
c1ccc2cnncc2c1,c1ccc2nnccc2c1,,
Nc1ccc(CCC(=O)O)cc1,Nc1ccc(CCCO)cc1,,
CCOC(=O)Cc1ccncc1,CCOC(=O)CC1CCNCC1,,
CCCCCN(C)CCC(=O)OC,CCCCCN(C)CCC(=O)O,,
OCC#Cc1ccccc1,OCCCc1ccccc1,,
N#Cc1ccc(C(=O)O)cc1,N#Cc1ccc(CO)cc1,,
N#Cc1cccc(C(=O)O)c1,N#Cc1cccc(CO)c1,,
CCOC(=O)C1(C#N)CCCC1,CCOC(=O)C1(C#N)CCC1,,
O=C1OCCC1=CC1CCCCC1,O=C1OCCC1CC1CCCCC1,,
CC(C)=C1CCOC1=O,CC(C)C1CCOC1=O,,
CCCC1CCC(=O)O1,CCCC1CCC(O)O1,,
CCC=C(C)C(=O)O.CO,CCC=C(C)C(=O)OC,,
C#Cc1scnc1C(=O)OC,C#Cc1scnc1CO,,
CCOC(=O)C=Cc1ccccc1,CCOC(=O)CCc1ccccc1,,
Cc1c(O)cccc1C(=O)O,Cc1c(O)cccc1CO,,
CCc1ccccc1C#N,CCc1ccccc1CN,,
CCOC(=O)C1(C#N)CC1,CCOC(=O)C1(CN)CC1,,
COC(=O)C1(C#N)CCCC1,COC(=O)C1(CN)CCCC1,,
Cc1cccn2ccnc12,CC1CCCn2ccnc21,,
Nc1ncccc1C(=O)O,Nc1ncccc1CO,,
CCC(C#N)(C#N)CC,CCC(CC)(CN)CN,,
N#CC1(C#N)CCCC1,NCC1(CN)CCCC1,,
COc1ccccc1/C=C/C=O,COc1ccccc1/C=C/CO,,
O=C1CCCc2occc21,Oc1cccc2occc12,,
O=C([O-])c1ccccc1,O=C(O)c1ccccc1,,
CC(=O)C=Cc1ccc(O)cc1,CC(=O)C=Cc1ccccc1,,
CC(=O)N1CCCNCC1,CCN1CCCNCC1,,
COCCCOc1cc(C)ccc1C=O,COCCCOc1cc(C)ccc1CO,,
CCCCCCCCC=CC(=O)O,C=CCCCCCCCCC(=O)O,,
CC1(C)C(=O)C=CC1=O,CC1(C)C(=O)C=CC1O,,
CN1CCNC(=O)C1(C)C,CN1CCNCC1(C)C,,
C=C(C)c1ccccc1,CC(C)c1ccccc1,,
O=C1CCS(=O)(=O)CC1,O=S1(=O)CCC(O)CC1,,
CNc1ccc(CC(=O)OC)cc1,CNc1ccc(CC(=O)O)cc1,,
NC(=O)CN1CCCC1=O,N#CCN1CCCC1=O,,
COc1cccc(C(C)C#N)c1,COc1cccc(C(C)CN)c1,,
Cc1cccc2c(C)cccc12,Cc1cccc2c1CCCC2C,,
ON=Cc1ccnc(O)c1,ON=Cc1ccncc1,,
COc1ncccc1C=O,COc1ncccc1CO,,
CCC1NCCCNC1=O,CCC1CNCCCN1,,
Nc1cccc(C(=O)O)c1,Nc1cccc(CO)c1,,
CCn1nc(C)cc1CC(N)=O,CCn1nc(C)cc1CC#N,,
CCCc1ccc(CCC=O)cc1,CCCC1CCC(CCC=O)CC1,,
CC1CCC(CCC=O)CC1,Cc1ccc(CCC=O)cc1,,
CCC1CCC(CCC=O)CC1,CCc1ccc(CCC=O)cc1,,
CC(=O)c1ccccc1,CC(O)c1ccccc1,,
CO.N#Cc1cccnc1,NC(=O)c1cccnc1,,
C#Cc1ccc(C(=O)OC)cc1,C#Cc1ccc(C(=O)O)cc1,,
Nc1ccc(O)c(=O)cc1,O=c1cccccc1O,,
OCCC=C1CCOCC1,OCCCC1CCOCC1,,
O=C(O)CCc1ccco1,OCCCc1ccco1,,
Cc1ccc(C)c(C#N)n1,Cc1ccc(C)c(CN)n1,,
CCCc1ccnc(C(=O)O)c1,CCCC1CCNC(C(=O)O)C1,,
CC1(C)C=CC(=O)CC1,CC1(C)CCC(=O)CC1,,
C=CCC(C)(C)C=COC,C=CCC(C)(C)CC=O,,
C=CCC(C)(C)CC=O,C=CCC(C)(C)CCO,,
CC(=O)c1ccncc1,CC(O)c1ccncc1,,
CC(=O)c1ccccn1,CC(O)c1ccccn1,,
COc1cccc(C(C)=O)c1,COc1cccc(C(C)O)c1,,
COc1cccc2c1OCC2=O,COc1cccc2c1OCC2O,,
COCC(=O)c1ccccc1,COCC(O)c1ccccc1,,
CSc1ccccc1C=O,CSc1ccccc1CO,,
CC(C)Cc1ccc(C=O)cc1,CC(C)Cc1ccc(CO)cc1,,
CSc1ccc(C=NO)o1,CSc1ccc(CN)o1,,
COC(=O)C1CCC(=O)C1,COC(=O)C1CCC(O)C1,,
O=[N+]([O-])C=Cc1ccccc1,O=[N+]([O-])CCc1ccccc1,,
CC(=O)c1ccccc1,CC(O)c1ccccc1,,
CCc1cnc(CCN)o1,Cc1cnc(CCN)o1,,
CC1(C)C=CC(=O)CC1,CC1(C)CCC(=O)CC1,,
CC(C)=Cc1cccc(C#N)c1,CC(C)=Cc1cccc(CN)c1,,
O=S1(=O)C=Cc2ccccc21,O=S1(=O)CCc2ccccc21,,
OCc1ncccc1O,OCC1NCCCC1O,,
CC(=O)C=C1CCOCC1,CC(=O)CC1CCOCC1,,
CC1=NCCc2sccc21,CC1NCCc2sccc21,,
CC1=NCCc2occc21,CC1NCCc2occc21,,
COc1ccncc1[N+](=O)[O-],COc1ccncc1N,,
C=CCCC(=CC(=O)OC)CC,C=CCCC(=CC(=O)O)CC,,
O=C(O)c1ccnc2ccccc12,O=C(O)C1CCNc2ccccc21,,
Cc1ccnc(C)c1C=O.NO,Cc1ccnc(C)c1C=NO,,
CCOC(=O)c1nc(N)sc1C,CCOC(=O)c1ncsc1C,,
CC1(C(=O)O)CCCCC1,CC1(CO)CCCCC1,,
CC#N.CC(C)=CC=O,CC(C)=CC(O)CC#N,,
COC=CC1CCCOC1,O=CCC1CCCOC1,,
O=CCC1CCCOC1,OCCC1CCCOC1,,
O=CCC1CCCCO1,OCCC1CCCCO1,,
CC1(C)CC(C=O)CCO1,CC1(C)CC(CO)CCO1,,
O=C(O)CC1CCCOC1,OCCC1CCCOC1,,
CC1(C)CC(CC=O)CCO1,CC1(C)CC(CCO)CCO1,,
O=C(O)c1sccc1CO,O=C1OCc2ccsc21,,
CCCN(CCC)CCCC#N,CCCN(CCC)CCCCN,,
CC(C)=CCC/C(C)=C/CO,CC(C)CCCC(C)CCO,,
O=c1ccoc2ccccc12,O=C1CCOc2ccccc21,,
CC1=NCCc2ccccc21,CC1NCCc2ccccc21,,
C=CC(=O)OCC.C=O,C=C(CO)C(=O)OCC,,
COCOc1ccccc1C(=O)OC,COCOc1ccccc1C(=O)O,,
COCCN(C)CC#N,COCCN(C)CCN,,
COCCCN(C)CC#N,COCCCN(C)CCN,,
COC1CN(CC#N)C1,COC1CN(CCN)C1,,
CC1CCCC(C)N1CC#N,CC1CCCC(C)N1CCN,,
COC1CCN(CC#N)CC1,COC1CCN(CCN)CC1,,
N#CCN1CCCCCC1,NCCN1CCCCCC1,,
N#CCN1CCCOCC1,NCCN1CCCOCC1,,
O=C1OCCC1c1ccccc1,O=C1OCCC1C1CCCCC1,,
CCOC(=O)Cc1ccc(O)cc1,CCOC(=O)CC1CCC(O)CC1,,
COC(=O)c1ccncn1,O=C(O)c1ccncn1,,
CC(C)Oc1ccc(C=O)cc1,CC(C)Oc1ccc(CO)cc1,,
CCCn1cnc(C(=O)OC)c1,CCCn1cnc(C(=O)O)c1,,
O=C([O-])c1cccnc1,O=C(O)c1cccnc1,,
COc1cccc(C(C)=NO)c1,COc1cccc(C(C)N)c1,,
COc1cccc(C#N)c1,COc1cccc(CN)c1,,
Cn1ccc2c(C#N)cccc21,Cn1ccc2c(CN)cccc21,,
Cn1ccc2ccc(C#N)cc21,Cn1ccc2ccc(CN)cc21,,
N#Cc1cccc2occc12,NCc1cccc2occc12,,
N#Cc1cccc2sccc12,NCc1cccc2sccc12,,
COc1cccc(C=O)n1,COc1cccc(CO)n1,,
CC(=O)c1cccnn1,CC(O)c1cccnn1,,
CCOc1ccc(C#N)cn1,CCOc1ccc(CN)cn1,,
N#CCc1ccccc1C(=O)O,N#CCc1ccccc1CO,,
CN1CCN(c2ccccc2)CC1,CN1CCN(C2CCCCC2)CC1,,
CCCc1ccc(C(=O)O)cc1,CCCc1ccc(CO)cc1,,
Cc1cnc(C(=O)O)cn1,Cc1cnc(CO)cn1,,
COC(=O)c1nc(N)sc1C,COC(=O)c1ncsc1C,,
CN(C)C(=N)N=C(N)N,CN(C)C(=N)NC(=N)N,,
CN(C)C(=N)N=C(N)N,CN(C)C(=N)NC(=N)N,,
N#CC1(N2CCCC2)COC1,N#CC1(N2CCCC2)CC1,,
CCOC(=O)C1CC1C=O,CCOC(=O)C1CC1CO,,
O=C1C=C(c2ccccn2)CC1,O=C1CCC(c2ccccn2)C1,,
C=CCOCC1CO1.[O-2],C(OCC1CO1)C1CO1,,
CSc1ccccc1C(=O)O,CSc1ccccc1CO,,
CCOc1ccc2c(c1)CC2C#N,CCOc1ccc2c(c1)CC2CN,,
Cc1ncc(C=O)cn1,Cc1ncc(CO)cn1,,
CN(C)C(=N)N=C(N)N,CN(C)C(=N)NC(=N)N,,
COC(=O)NN=C(C)C,COC(=O)NNC(C)C,,
CC(C)CC1(O)CCCCC1,CC(C)CC1=CCCCC1,,
N#Cc1ccnc(N)c1,NCc1ccnc(N)c1,,
Oc1ccc(OC2CCOC2)cc1,OC1CCC(OC2CCOC2)CC1,,
COc1ccc(C(=O)CN)cc1,COc1ccc(C(O)CN)cc1,,
CCOP(=O)(CC#N)OCC,CCOP(=O)(CCN)OCC,,
Cc1cc(C)cc(C(N)=O)c1,Cc1cc(C)cc(C#N)c1,,
CC(C)Oc1cccc(C=O)c1,CC(C)Oc1cccc(CO)c1,,
CC(C)=CCCC(C)=CC=O,CC(C)=CCCC(C)CC=O,,
CC(=O)OCCCC=O,CC(=O)OCCCCO,,
CCNC1(C#N)CCCC1,CCNC1(CN)CCCC1,,
Cc1ccc(C=CC(=O)O)cc1,Cc1ccc(C=CCO)cc1,,
Cc1cccc(C=CC(=O)O)c1,Cc1cccc(C=CCO)c1,,
COCc1oncc1C(=O)OC,COCc1oncc1C(=O)O,,
O=CCCc1cscn1,OCCCc1cscn1,,
OCC#Cc1nccs1,OCCCc1nccs1,,
O=C(O)CCNc1ccccc1,O=C1CCNc2ccccc21,,
C#Cc1cncc(N)c1,CCc1cncc(N)c1,,
Cc1ccc2c(c1O)CCC2=O,Cc1ccc2c(c1O)CCC2,,
C=CCO.O=CC1CCCCC1,C=CCC1(C=O)CCCCC1,,
COc1cncc(SC)c1,CSc1cncc(O)c1,,
COc1ccc2c(c1)CCC2=NO,COc1ccc2c(c1)CCC2N,,
COc1cc(C)ccc1C(N)=O,COc1cc(C)ccc1CN,,
Cc1ccc(CC#N)nc1,Cc1ccc(CCN)nc1,,
CCCCC(=O)CCCC,CCCCC(O)CCCC,,
O=C1COC2OCCC12,OC1COC2OCCC12,,
O=C1CCc2ccccc2CN1,O=C1Cc2ccccc2CCN1,,
O=S(=O)([O-])c1ccccc1,O=S(=O)(O)c1ccccc1,,
N#Cc1ccccc1CCC(=O)O,N#Cc1ccccc1CCCO,,
Cc1ncccc1C(N)=O,Cc1ncccc1C#N,,
O=COCc1ccc(C=O)o1,OCc1ccc(CO)o1,,
OCc1ccc(CO)o1,OCC1CCC(CO)O1,,
COc1ncn(C)c1C(N)=O,COc1ncn(C)c1CN,,
CCC(=O)c1ccc(OC)cc1,CCC(=O)c1ccc(O)cc1,,
C=Cc1ccc(OC(C)=O)cc1,C=Cc1ccc(O)cc1,,
COC(=O)CCCCC(C)=O,COC(=O)CCCCC(C)O,,
CC(C)Sc1ccccc1C(=O)O,CC(C)Sc1ccccc1C=O,,
CC(C)(C)c1ccccc1O,CC(C)(C)c1ccccc1,,
Nc1ccc(C(=O)O)cn1,Nc1ccc(CO)cn1,,
CN(C)C(=N)N=C(N)N,CN(C)C(=N)NC(=N)N,,
CC(C)Oc1cccc(C#N)c1,CC(C)Oc1cccc(CN)c1,,
CC(C)Oc1cccc(C=O)c1,CC(C)Oc1cccc(CO)c1,,
CCc1ncccc1OC(C)=O,CCc1ncccc1O,,
COc1cccc(OCC(=O)O)c1,COc1cccc(OCCO)c1,,
COc1cccc(CCC(=O)O)c1,COc1cccc(CCCO)c1,,
COc1ccccc1CCC(=O)O,COc1ccccc1CCCO,,
CC=CC=CCCC=CC(=O)OC,CC=CC=CCCC=CC(=O)O,,
CCc1cccc2c1CCC2=O,CCc1cccc2c1CCC2O,,
CCOC(=O)CC1CCCCO1,OCCC1CCCCO1,,
NC1(C(=O)O)CCCCC1,NC1(CO)CCCCC1,,
COC(=O)C1(C(=O)O)CC1,COC(=O)C1(CO)CC1,,
CNc1cc(C#N)ccn1,CNc1cc(CN)ccn1,,
N#CCCC1OCCO1,NCCCC1OCCO1,,
Cc1ccc(C(=O)O)c(N)c1,Cc1ccc(CO)c(N)c1,,
CCc1ncc(C(=O)[O-])o1,CCc1ncc(C(=O)O)o1,,
COC(=O)C1(C(=O)O)CC1,COC(=O)C1(CO)CC1,,
O=C1OCc2ccccc21,OCc1ccccc1CO,,
Cc1nccc(C#N)c1C,Cc1nccc(CN)c1C,,
OCC1=CC2(CCCCC2)CC1,OCC1CCC2(CCCCC2)C1,,
COc1ccnc(C#N)n1,COc1ccnc(CN)n1,,
Cc1ccnc(C#N)n1,Cc1ccnc(CN)n1,,
O=C(O)c1ccc(OCCO)cc1,O=C(O)C1CCC(OCCO)CC1,,
COCC1=NCCc2ccsc21,COCC1NCCc2ccsc21,,
OCCCc1ccncc1,OCCCC1CCNCC1,,
O=Cc1ccc(CO)o1,OCc1ccc(CO)o1,,
CN(C)C(=N)N=C(N)N,CN(C)C(=N)NC(=N)N,,
CNc1ncccc1C(=O)O,CNc1ncccc1CO,,
CCOC(=O)/C=C(\C)C=O,CCOC(=O)CC(C)C=O,,
COCc1cnc(C(=O)OC)cn1,COCc1cnc(C(=O)O)cn1,,
CN(C)Cc1cccc(C#N)c1,CN(C)Cc1cccc(CN)c1,,
Cc1ccnc(C#N)n1,Cc1ccnc(CN)n1,,
CCC(CC)(CC)CC(=O)OC,CCC(CC)(CC)CCO,,
CCC(C)(CC)CC(=O)OC,CCC(C)(CC)CCO,,
CCCCc1nocc1C(=O)OCC,CCCCc1nocc1C(=O)O,,
CCCCc1nocc1C(=O)O,CCCCc1nocc1CO,,
N#Cc1cccc2c1CCC2=O,N#Cc1cccc2c1CCC2O,,
O=Cc1cccc(O)c1,OCc1cccc(O)c1,,
N#CCC(=O)c1ccccc1,NCCC(O)c1ccccc1,,
N#CCC(=O)c1ccsc1,NCCC(O)c1ccsc1,,
CCCC/C=C\CCCC,CCCCC=CCCCC,,
c1cncc(C2=NCCC2)c1,c1cncc(C2CCCN2)c1,,
CCc1cc(C)cc(CC)c1C=O,CCc1cc(C)cc(CC)c1CO,,
CCCCC(O)C1CCCC1=O,CCCCC=C1CCCC1=O,,
CN1C2CCC1CC(=O)NC2,CN1C2CCNCC1CC2,,
Cn1ccc2cccc(N)c2c1=O,CN1CCc2cccc(N)c2C1=O,,
COc1ccc(C=O)cn1,COc1ccc(CO)cn1,,
CCCCCCCCCCCCCC(C)=O,CCCCCCCCCCCCCC(C)O,,
C1=C(C2CS2)CCCC1,C1=C2CCCCC2SC1,,
COc1cc(CC#N)ccc1C,Cc1ccc(CC#N)cc1O,,
CCCCCCCCCCC(=O)O,CCCCCCCCCCCO,,
N#CC1(C#N)CCOCC1,N#CC1(CN)CCOCC1,,
CC1(C#N)CCOCC1,CC1(CN)CCOCC1,,
CC(C)(CO)OCC1CO1,CC1(C)COC(CO)CO1,,
Cc1ccncc1C(=O)O,CC1CCNCC1C(=O)O,,
COc1cccc2cccnc12,COc1cccc2c1NCCC2,,
COc1ncccc1C(=O)O,COc1ncccc1CO,,
COc1cccc2c1CCCC2=O,COc1cccc2c1CCCC2O,,
CC1(C)Cc2ccccc2C1=O,CC1(C)Cc2ccccc2C1O,,
CC1(C)Oc2ccccc2C1=O,CC1(C)Oc2ccccc2C1O,,
O=C(O)CCc1ccsc1,O=C1CCc2ccsc21,,
NC1CC2C=CCC(C1)C2,NC1CC2CCCC(C1)C2,,
Cc1cccc2c1OCC2O,Cc1cccc2c1OCC2,,
COC(=O)c1nnsc1C=O,COC(=O)c1nnsc1CO,,
CCCn1cnc(C=O)c1,CCCn1cnc(CO)c1,,
O=C1COc2ccccc21,OC1COc2ccccc21,,
O=C1CC(=O)C2C=CC1O2,O=C1CC(=O)C2CCC1O2,,
CC(C)CCCCCCCCCO,CCCCCCCCCC(C)C,,
CC(C)(C#N)c1ccsc1,CC(C)(CN)c1ccsc1,,
CC(=O)c1ccccc1,CC(O)c1ccccc1,,
CC(=NO)c1cccc(O)c1,CC(N)c1cccc(O)c1,,
COc1ccncc1[N+](=O)[O-],COc1ccncc1N,,
COC(=O)c1csc(C=O)c1,COC(=O)c1csc(CO)c1,,
OCCC=C1CCCOC1,OCCCC1CCCOC1,,
CNS(=O)(=O)CCCCC#N,CNS(=O)(=O)CCCCCN,,
Nc1nc2c(O)cccn2n1,Nc1nc2ccccn2n1,,
Cc1cnc2ccc(C#N)cn12,Cc1cnc2ccc(CN)cn12,,
CC(=O)CC(C)CC(=O)O,CC1=CC(C)CC(=O)O1,,
c1cc2c3c(c1)ccn3CCC2,c1cc2c3c(c1)CCN3CCC2,,
CCC(C)(N)C(=O)O.CO,CCC(C)(N)C(=O)OC,,
C=Cc1ccc(C=O)s1,C=Cc1ccc(CO)s1,,
COC(=O)c1cncc(O)c1,COC(=O)C1CNCC(O)C1,,
CCCC(=O)OCC(OC)OC,CCCC(=O)OCC=O,,
CCc1csc(C=O)c1,CCc1csc(CO)c1,,
O=C([O-])c1ccccc1,O=C(O)c1ccccc1,,
COc1ccc(CN)cc1,COC1CCC(CN)CC1,,
COC1CCC(C(=O)O)CC1,COC1CCC(CO)CC1,,
COC(=O)c1ccc2nccn2c1,COC(=O)C1CCc2nccn2C1,,
COCC1CCC(C#N)CC1,COCC1CCC(CN)CC1,,
COc1ccc(OC)c(C#N)c1,COc1ccc(OC)c(CN)c1,,
COCCOc1ccccc1C(=O)OC,COCCOc1ccccc1C(=O)O,,
COc1cccc(C(N)=O)n1,COc1cccc(C#N)n1,,
Cc1ccnc(C#N)c1,Cc1ccnc(CN)c1,,
CNCCC(=O)c1cccs1,CNCCC(O)c1cccs1,,
CC1(CCCC#N)OCCO1,CC1(CCCCN)OCCO1,,
CC(=O)C=Cc1ccccc1,CC(=O)CCc1ccccc1,,
O=C(O)C1Cc2ccccc2C1,O=C(O)C1CC2CCCCC2C1,,
CC1(C)CC1(O)c1cnccn1,CC1(C)CC1(O)C1CNCCN1,,
CC(C)C(C)(O)c1cnccn1,CC(C)C(C)(O)C1CNCCN1,,
CCC(=O)c1cccnc1,CCC(O)c1cccnc1,,
CCC(=O)c1ccncc1,CCC(O)c1ccncc1,,
CON1CCC(=O)CC1,CON1CCC(O)CC1,,
O=C(O)c1cc(O)ccc1O,O=C(O)c1ccccc1O,,
O=C1C=Cc2ccccc21,O=C1CCc2ccccc21,,
CC(C)(C#N)c1ccccc1,CC(C)(CN)c1ccccc1,,
COC(=O)NN=C(C)C,COC(=O)NNC(C)C,,
CCC=CCCCCCCCC(=O)OC,CCC=CCCCCCCCC(=O)O,,
Nc1ccccc1CCO,C=Cc1ccccc1N,,
OCCCc1cccnc1,OCCCC1CCCNC1,,
CCc1cccc(C(=O)OC)c1,CCc1cccc(CO)c1,,
C=CCC(CC=C)C(=O)OCC,C=CCC(CC=C)C(=O)O,,
CCc1cc(C)nc(O)c1C#N,CCc1cc(C)nc(O)c1CN,,
C=Cc1ccc(OC(C)=O)cc1,C=Cc1ccc(O)cc1,,
CCCCOP(=O)(CC)CCC=O,CCCCOP(=O)(CC)CCCO,,
CC(C)(C)C=CC(=O)O,CC(C)(C)CCC(=O)O,,
C=CCCCCCC=O.NO,C=CCCCCCC#N,,
CC(CO)CCCc1ccccc1,CC(CO)CCCC1CCCCC1,,
CC(CCO)CCc1ccccc1,CC(CCO)CCC1CCCCC1,,
CC(CO)CC(C)Cc1ccccc1,CC(CO)CC(C)CC1CCCCC1,,
CC(CO)CCCc1ccccc1,CC(CO)CCCC1CCCCC1,,
Cc1cccc2c1NC(=O)C2=O,Cc1cccc2c1NC(=O)C2,,
CC(C)(C)C(=O)CC#N.NO,CC(C)(C)c1cc(N)on1,,
COC(=O)C1CCC(=O)C1,COC(=O)C1CCC(O)C1,,
NCC1CCC(C(=O)O)CC1,NCC1CCC(CO)CC1,,
Cn1ccc2cc(C#N)ccc21,Cn1ccc2cc(CN)ccc21,,
CC1(C)C=CC(=O)CC1,CC1(C)CCC(=O)CC1,,
Cn1nccc1C=Cc1ccccc1,Cn1nccc1CCc1ccccc1,,
Cc1ccsc1CC#N,Cc1ccsc1CCN,,
Nc1ccccc1C1CC1C1CC1,NC1CCCCC1C1CC1C1CC1,,
N#Cc1ccc(C2OCCO2)cn1,N#Cc1ccc(C=O)cn1,,
N#CCC(=O)c1ccccc1,NCCC(O)c1ccccc1,,
CC1(C)CC(=O)CC(=O)C1,CC1(C)CCCC(=O)C1,,
CC1(C)CC(=O)CC(=O)C1,CC1(C)CCCC(=O)C1,,
CC1(C)CC(=O)CC(=O)C1,CC1(C)CCCC(=O)C1,,
COC(=O)c1csc(C=O)c1,COC(=O)c1csc(CO)c1,,
Cn1ccc2cccc(C=O)c21,Cn1ccc2cccc(CO)c21,,
CCOC(=O)C1(C#N)CC1,CCOC(=O)C1(CN)CC1,,
CCOC(=O)C(C)(C)C#N,CCOC(=O)C(C)(C)CN,,
CC(C=O)c1ccccc1,CC(CO)c1ccccc1,,
CN(C)C(=N)N=C(N)N,CN(C)C(=N)NC(=N)N,,
N#Cc1ccc2c(c1)CCC2=O,N#Cc1ccc2c(c1)CCC2O,,
COc1cc(C(=O)O)ccc1C,COc1cc(CO)ccc1C,,
NC1CCC(C(=O)O)CC1,NC1CCC(CO)CC1,,
CC1CCCC(CCC(=O)O)C1,CC1CCCC(CCCO)C1,,
CCc1cncc2ccc(OC)cc12,CCc1cncc2ccc(O)cc12,,
COC(=O)c1cncc(C)c1,COC(=O)C1CNCC(C)C1,,
O=[N+]([O-])c1cccc(O)c1,O=[N+]([O-])c1ccccc1,,
CCOC(=O)C1CC1C=O,CCOC(=O)C1CC1CO,,
CCCCCCCCC(=O)O,CCCCCCCCC=O,,
N#Cc1ccc(C=O)cn1,N#Cc1ccc(CO)cn1,,
CCP(=O)(O)CCC(=O)[O-],CCP(=O)(O)CCC(=O)O,,
COC(=O)C1CO1.O=C=O,COC(=O)C1COC(=O)O1,,
COC(=O)C1CO1.O=C=O,COC(=O)C1COC(=O)O1,,
COC(=O)C1CO1.O=C=O,COC(=O)C1COC(=O)O1,,
CNc1ccncc1[N+](=O)[O-],CNc1ccncc1N,,
COc1ccc(O)cc1,COC1CCC(O)CC1,,
CN(C)C(=N)N=C(N)N,CN(C)C(=N)NC(=N)N,,
COc1cc(N)cc(OC)c1,COc1cc(N)cc(O)c1,,
CC(=O)c1ccccc1N,CC(O)c1ccccc1N,,
Nc1cccnc1C(=O)O,Nc1cccnc1CO,,
Nc1cnccc1C(=O)O,Nc1cnccc1CO,,
CC(C)C(N)(CO)C(=O)O,CC(C)C(N)(CO)CO,,
Cc1nc(CS)c(C=O)s1,Cc1nc2cscc2s1,,
Cc1nc(CS)c(C=O)o1,Cc1nc2cscc2o1,,
O=C(O)CCCCC1CCSS1,O=C(O)CCCCC(S)CCS,,
O=C(O)C1CCCCCC1,OCC1CCCCCC1,,
OCCc1ccc(O)cc1,OCCC1CCC(O)CC1,,
CCOC(=O)C(C)(C)C#N,CCOC(=O)C(C)(C)CN,,
CCCCC(CCC(C)C)C(C)=O,CCCCC(CCC(C)C)C(C)O,,
COC(=O)C1CCOC1OC,COC1OCCC1CO,,
O=C([O-])c1ccccc1,O=C(O)c1ccccc1,,
COC(=O)C1(C=O)CCCC1,COC(=O)C1(CO)CCCC1,,
Cc1cc(SC#N)ccc1O,Cc1cc(S)ccc1O,,
Cc1cc(SC#N)ccc1O,Cc1cc(S)ccc1O,,
NS(=O)(=O)C1COCCC1=O,NS(=O)(=O)C1COCCC1O,,
Cn1ccc2cc(C#N)cnc21,Cn1ccc2cc(CN)cnc21,,
OCc1cncc2ccccc12,OCC1CNCc2ccccc21,,
N#CCC1C=CC=CC=C1,NCCC1C=CC=CC=C1,,
CCn1ccc(C(=O)O)n1,CCn1ccc(CO)n1,,
CCC1C=C(C(=O)OC)CC1,CCC1CCC(C(=O)OC)C1,,
CCC1CCC(C(=O)OC)C1,CCC1CCC(CO)C1,,
COCc1ccc(C=O)s1,COCc1ccc(CO)s1,,
Nc1ncccc1C(=O)O,Nc1ncccc1CO,,
Nc1ncccc1C(=O)O,Nc1ncccc1CO,,
COC(=O)c1ccc(C)nc1,COC(=O)C1CCC(C)NC1,,
NCCCCCCCCCCC(=O)O,CCCCCCCCCCCN,,
C=C(CC(C)C)C(=O)OCC,C=C(CC(C)C)C(=O)O,,
Cc1c(O)ccc(C=O)c1O,Cc1ccc(O)c(C)c1O,,
COc1cccn(C)c1=O,Cn1cccc(O)c1=O,,
CC1=NCCSc2ccccc21,CC1NCCSc2ccccc21,,
CC(=O)c1ccccc1,CC(O)c1ccccc1,,
OCC=Cc1ccccc1,OCCCc1ccccc1,,
Cn1nccc1C1(O)CCCCC1,Cn1nccc1C1=CCCCC1,,
CCCCCCCCCCCCCCCCO,CCCCCCCCCCCCCCC,,
CCCCCCCCCCCCCCCCCCO,CCCCCCCCCCCCCCCCC,,
CCOC(=O)C1CCC(=O)C1,CCOC(=O)C1CCC(O)C1,,
CCOC(=O)C1CC1C=O,CCOC(=O)C1CC1CO,,
COC(=O)C1(C(=O)O)CC1,COC(=O)C1(CO)CC1,,
COC(=O)C1CCCC(=O)C1,COC(=O)C1CCCC(O)C1,,
CN(C)C(=N)N=C(N)N,CN(C)C(=N)NC(=N)N,,
NS(=O)(=O)C1COCCC1=O,NS(=O)(=O)C1COCCC1O,,
COC(=O)c1ccc(C=NO)s1,COC(=O)c1ccc(C#N)s1,,
Cn1cccc(O)c1=O,CN1CCCC(O)C1=O,,
O=CNCCc1ccccc1,CNCCc1ccccc1,,
CC1(C)C(=NO)CCC1=NO,CC1(C)C(N)CCC1N,,
CC1(C)C(=NO)CCC1O,CC1(C)C(N)CCC1O,,
CC1(O)CCC(=NO)C1(C)C,CC1(O)CCC(N)C1(C)C,,
COc1nccc2ccncc12,COc1nccc2c1CNCC2,,
Cc1nscc1C(=O)[O-],Cc1nscc1C(=O)O,,
C=CCc1ccccc1CC(=O)OC,C=CCc1ccccc1CC(=O)O,,
COC=C1CCN(OC)CC1,CON1CCC(C=O)CC1,,
N#CC1(O)CCCCC1,NCC1(O)CCCCC1,,
CCOC(=O)Cc1ccccn1,CCOC(=O)CC1CCCCN1,,
N#CC1=CCC(=O)CC1,N#CC1=CCC(O)CC1,,
N#CC1CC2(CCC1=O)CC2,N#CC1CC2(CCC1O)CC2,,
CC(=O)c1ccccc1C,Cc1ccccc1C(C)O,,
COc1cccc(C(C)=O)c1,COc1cccc(C(C)O)c1,,
COc1ccccc1C(C)=O,COc1ccccc1C(C)O,,
COc1ccc(C(C)=O)cc1,COc1ccc(C(C)O)cc1,,
CCC(=O)c1ccccc1,CCC(O)c1ccccc1,,
CCCC(=O)c1ccccc1,CC#CC(O)c1ccccc1,,
CC(=O)c1cccnc1,CC(O)c1cccnc1,,
O=C1CCCc2ccccc21,OC1CCCc2ccccc21,,
CC(=O)c1ccncc1,CC(O)c1ccncc1,,
CCc1cc(C)ccc1C(=O)OC,CCc1cc(C)ccc1CO,,
COC(=O)C1COC(C)=N1,COC(=O)c1coc(C)n1,,
O=C([O-])c1ccccc1,O=C(O)c1ccccc1,,
CCOCOc1c(C)cccc1C=O,CCOCOc1c(C)cccc1CO,,
COC(=O)c1cncc(OC)c1,COC(=O)C1CNCC(OC)C1,,
CCCC/C=C/CC(=O)O,CCCC/C=C/CCO,,
COc1cncc(OC)c1C=O,COc1cncc(O)c1C=O,,
CON1CCC(=O)CC1,CON1CCC(O)CC1,,
Cc1c(O)cccc1C(=O)O,Cc1c(O)cccc1CO,,
Cn1ccc(C(N)=O)cc1=O,Cn1ccc(C#N)cc1=O,,
O=CC1CCC(C=O)C1,OCC1CCC(CO)C1,,
CCP(=O)(O)CCC#N,CCP(=O)(O)CCCN,,
COc1cscc1CCCS,c1scc2c1CCCS2,,
Cc1noc(C)c1C=O,Cc1noc(C)c1CO,,
Cc1ncc(C=O)n1C,Cc1ncc(CO)n1C,,
CCn1cnc(C)c1C=O,CCn1cnc(C)c1CO,,
CCn1cnc(C=O)c1C,CCn1cnc(CO)c1C,,
Cc1ncn(C(C)C)c1C=O,Cc1ncn(C(C)C)c1CO,,
Cc1nc2ccccn2c1C=O,Cc1nc2ccccn2c1CO,,
CCn1nccc1C=O,CCn1nccc1CO,,
CCc1cn(CC)nc1C(=O)OC,CCc1cn(CC)nc1CO,,
CCc1cnccc1C(=O)OC,CCc1cnccc1CO,,
CCc1cncc(C(=O)OC)c1,CCc1cncc(CO)c1,,
COC(=O)c1nc(N)sc1C,COC(=O)c1ncsc1C,,
CCC=CCCCCCCCC(=O)OC,CCC=CCCCCCCCC(=O)O,,
Cc1ccc2cn(C)nc2c1C#N,Cc1ccc2cn(C)nc2c1CN,,
CCc1cccc(CC)c1C=O,CCc1cccc(CC)c1CO,,
Cn1ccc2ccccc21,CN1CCC2CCCCC21,,
CC(C)(C#N)c1ccccc1,CC(C)(CN)c1ccccc1,,
Cc1csc(C(=O)O)c1CO,Cc1csc2c1COC2=O,,
N#Cc1cccc(CC(O)CO)c1,N#Cc1cccc(CC=O)c1,,
CC(C)(C)c1ccc(O)cc1,CC(C)(C)C1CCC(O)CC1,,
CC(C)=CCCC(C)=CC=O,CC(C)=CCCC(C)CC=O,,
CC(C)=CCCC(C)=CC=O,CC(C)=CCCC(C)CC=O,,
C=CCOC(C)(C)C(=O)OCC,C=CCOC(C)(C)CO,,
CCCC(=O)NCC(=O)OCC,CCCC(=O)NCC(=O)O,,
O=C(O)c1cccc(O)c1,O=C(O)C1CCCC(O)C1,,
N#CCc1cccnc1,NCCc1cccnc1,,
COc1cc(C)nc(O)c1C#N,COc1cc(C)nc(O)c1CN,,
CC(C)=C(C)CCC(C)CC=O,CC(C)=C(C)CCC(C)CCO,,
CC(C)=CCCC(C)CC=O,CC(C)=CCCC(C)CCO,,
CC/C=C\CCCC=O,CC/C=C\CCCCO,,
CC(=O)CCCCC=O,CC(=O)CCCCCO,,
Cc1nc2ccccn2c1C(N)=O,Cc1nc2ccccn2c1C#N,,
Cc1nc2sccn2c1C(N)=O,Cc1nc2sccn2c1C#N,,
C=Cc1ccc(OC(C)=O)cc1,C#Cc1ccc(O)cc1,,
O=C(O)c1cc(O)ccc1O,O=C(O)c1ccccc1O,,
CC(C)(O)c1ccccc1,C=C(C)c1ccccc1,,
Cc1ccc2ccccc2n1,CC1CCc2ccccc2N1,,
Cc1ccc2ccccc2n1,CC1CCc2ccccc2N1,,
Cc1ccc2ccccc2n1,CC1CCc2ccccc2N1,,
OCC1(CO)CC2C=CC1C2,OCC1(CO)CC2CCC1C2,,
Cc1ncc(C=O)cn1,Cc1ncc(CO)cn1,,
CC1(C)C=CC(=O)CC1,CC1(C)C=CC(O)CC1,,
CCP(=O)(O)CCC(=O)[O-],CCP(=O)(O)CCC(=O)O,,
N#Cc1ccc(C2OCCO2)cn1,N#Cc1ccc(C=O)cn1,,
CCc1ncncc1C#N,CCc1ncncc1CN,,
CC1(C)C(=O)CCCC1=O,CC1(C)C(=O)CCCC1O,,
CC1(C)C(=NO)CCCC1O,CC1(C)C(N)CCCC1O,,
C=NOCc1ccccc1,CNOCc1ccccc1,,
C=CNOCc1ccccc1,CCNOCc1ccccc1,,
COc1cccc(C(=O)O)n1,COc1cccc(CO)n1,,
C=CC(=O)c1cccs1,O=C1CCc2ccsc21,,
O=C(O)CCC=Cc1ccsc1,O=C(O)CCCCc1ccsc1,,
CC1(C)CC(C=O)CCO1,CC1(C)CC(CO)CCO1,,
COc1cc(C#N)ccn1,COc1cc(CN)ccn1,,
c1ccc2cnncc2c1,NCc1ccccc1CN,,
c1cn2cnnc2cn1,c1nnc2n1CCNC2,,
COC(=O)CN=Cc1ccccc1,COC(=O)CNCc1ccccc1,,
CCN1Cc2cccnc2C1,CCN1CC2CCCNC2C1,,
c1cnc2c(c1)OCCC2,C1COC2CCCNC2C1,,
CC(CCO)CC1=CCCCC1,CC(CCO)CC1CCCCC1,,
Cc1nc(C)c(CC(=O)O)s1,Cc1nc(C)c(CCO)s1,,
Cc1ccc(CC(=O)O)s1,Cc1ccc(CCO)s1,,
COc1cc(C(=O)O)ccn1,COc1cc(CO)ccn1,,
COc1cccc(N)c1C(=O)O,COc1cccc(N)c1CO,,
CCCCCCCCCCCC(=O)OC,CCCCCCCCCCCC(=O)O,,
CNc1cc(C)nc(O)c1C#N,CNc1cc(C)nc(O)c1CN,,
COc1ccc2c(c1)CCNC2=O,COc1ccc2c(c1)CCNC2,,
Cc1coc2ccc(O)cc12,CC1COc2ccc(O)cc21,,
Nc1cc(OCC2CC2)ncn1,Nc1cc(OC2CCC2)ncn1,,
CN(C)c1ccc(C#N)cc1,CN(C)c1ccc(CN)cc1,,
C=Cc1ccc(OC(C)=O)cc1,C=Cc1ccc(O)cc1,,
Cc1cccc2nc(S)sc12,Cc1cccc2ncsc12,,
COCCOCC(C)(C)C(=O)OC,COCCOCC(C)(C)C(=O)O,,
CCOCCCC(=O)OCC,CCOCCCC(=O)O,,
CCc1nc(C)sc1C(=O)O,CCc1nc(C)sc1CO,,
Cc1cccc(C=O)c1O,O=Cc1ccccc1O,,
CC(CC(=O)O)c1ccccc1,CC1CC(=O)c2ccccc21,,
CNc1ccc(C(=O)OC)cc1,CNc1ccc(CO)cc1,,
COC(=O)c1cncc(C)c1,COC(=O)C1CNCC(C)C1,,
Cc1c(O)cccc1C(=O)O,Cc1c(O)cccc1CO,,
Nc1ccc(C2=CSCC2)cn1,Nc1ccc(C2CCSC2)cn1,,
Cc1cccc(/C=N/O)n1,Cc1cccc(CN)n1,,
O=C1CNc2ccccc2N1,c1ccc2c(c1)NCCN2,,
N#CCCNC1CCC1,NCCCNC1CCC1,,
N#CCCNC1CCCC1,NCCCNC1CCCC1,,
CCCCCCCCC#CCCO,CC#CCCCCCCCCCO,,
CCCCCCCCCCCCC#CCO,C#CCCCCCCCCCCCCCO,,
C=CCCc1ccccc1C=O,C=CCCc1ccccc1CO,,
C=CCCc1cccc(C=O)c1,C=CCCc1cccc(CO)c1,,
CC(C(=O)O)C(C)C(=O)O,CC1C(=O)OC(=O)C1C,,
N#CCCCN1CCOCC1,NCCCCN1CCOCC1,,
CN(C)CCCCNC=O,CNCCCCN(C)C,,
COC1(OC)CC(=O)NC1=O,COC1=CC(=O)NC1=O,,
COc1ccccc1C(C)C(=O)O,COc1ccccc1C(C)CO,,
Cc1ccncc1C(=O)O,CC1CCNCC1C(=O)O,,
O=C(O)c1cccc(CS)c1,O=C(O)c1ccccc1,,
N#CC1CC2C=CC1O2,N#CC1CC2CCC1O2,,
C=C(C)C(=O)OCCOC,C=C(C)C(=O)OCCO,,
COc1ccc(O)cc1,COC1CCC(O)CC1,,
O=C(O)Cc1cccnc1,O=C(O)CC1CCCNC1,,
CCC(C)(O)CCc1ccccc1,CCC(C)(O)CCC1CCCCC1,,
CSc1ccc(C#N)cc1C,CSc1ccc(CN)cc1C,,
CC(C)(C)Sc1ccccc1C#N,CC(C)(C)Sc1ccccc1CN,,
CC1(O)CCC(=O)CC1,CC1(O)CCC(O)CC1,,
Cc1ccc(C#N)nc1C,Cc1ccc(CN)nc1C,,
Cc1nc(C=NO)sc1C,Cc1nc(CN)sc1C,,
CC1(C)CC(C#N)=CC1=O,CC1(C)CC(C#N)=CC1O,,
Cc1ncc(C(=O)O)cn1,Cc1ncc(CO)cn1,,
COc1cccc(CC#N)n1,COc1cccc(CCN)n1,,
CCOC(C)(C)C(=O)OC,CCOC(C)(C)C(=O)O,,
Oc1cccc2ccccc12,c1ccc2ccccc2c1,,
N#CC1CCc2nc(N)sc21,N#CC1CCc2ncsc21,,
COC(=O)C1CSCCC1=O,COC(=O)C1CSCCC1O,,
CCOC(=O)C1(C#N)CC1,CCOC(=O)C1(CN)CC1,,
C=CCC(=O)C1(C)CC1,C=CCC(O)C1(C)CC1,,
C=CCC(=O)CC1CC1,C=CCC(O)CC1CC1,,
Oc1cccc2ccccc12,c1ccc2ccccc2c1,,
CCOC(=O)C(C)(C)C#N,CCOC(=O)C(C)(C)CN,,
CCC(C#N)C(=O)OC,CCC(CN)C(=O)OC,,
COC(=O)c1coc2ncccc12,COC(=O)C1COc2ncccc21,,
CC=C1CCCC(C)(C)C1=O,CCC1=CCCC(C)(C)C1=O,,
O=CCCc1ccccc1,OC#CCc1ccccc1,,
COc1ccc(C=O)cc1,COc1ccc(CO)cc1,,
COc1ccc(C(C)=O)cc1,COc1ccc(C(C)O)cc1,,
CC1CCC(=O)C(O)C1,Cc1ccc(O)c(O)c1,,
CCOC(=O)C1(C#N)CC1,CCOC(=O)C1(CN)CC1,,
N#CCN1CCOCC1,NCCN1CCOCC1,,
N#CCCCN1CCOCC1,NCCCCN1CCOCC1,,
O=C(O)CCc1ccco1,O=C(O)CCC1CCCO1,,
O=C(O)CCC1CCCO1,OCCCC1CCCO1,,
COC(=O)C1CCC(C)C1=O,COC(=O)C1CCC(C)C1O,,
CN1CCC(C)(C(=O)O)CC1,CN1CCC(C)(CO)CC1,,
CCC=CCCC(O)CCC(C)O,CCC=CCCC1CCC(C)O1,,
Cn1ncc2c1CCCC2=O,Cn1ncc2c1CCCC2O,,
N#CC1=C(N)CCCC1,N#CC1CCCCC1N,,
CC(C)Sc1ncccc1C(=O)O,CC(C)Sc1ncccc1CO,,
CCCCSc1ncccc1C(=O)O,CCCCSc1ncccc1CO,,
CCN1CCN(CC(=O)OC)CC1,CCN1CCN(CC(=O)O)CC1,,
C=Cc1ccc(OC(C)=O)cc1,C=Cc1ccc(O)cc1,,
O=C1Cc2ccccc2C1,OC1Cc2ccccc2C1,,
COc1ccc(C=O)cc1OC,COc1ccc(C)cc1OC,,
O=C(O)Cc1cccnn1,OCCc1cccnn1,,
O=C(O)CCC1CCCC1,OCCCC1CCCC1,,
COc1ccc(CNO)cc1,ONCc1ccccc1,,
COc1cccc2sncc12,Oc1cccc2sncc12,,
CCCCC=CCCCCCCCC(=O)O,CCCCCC=CCCCCCCC(=O)O,,
COC1C=CSC1C#N,COc1ccsc1C#N,,
O=C1CC2CC(=O)CC2C1,O=C1CC2CC(O)CC2C1,,
O=CC1CC2C=CC1C2,OCC1CC2C=CC1C2,,
CCCCCC(=O)CC,CCCCCC(O)CC,,
C=CCN1CCOCC1,CC=CN1CCOCC1,,
CON=Cc1ccccc1,CONCc1ccccc1,,
O=C(O)CCCCC(S)CCS,O=C(O)CCCCC1CCSS1,,
CC(C)Nc1ccc(N=O)cc1,CC(C)Nc1ccc(N)cc1,,
Oc1cccc2cccnc12,Oc1cccc2c1NCCC2,,
COCC(C)(C)c1ccncc1,COCC(C)(C)C1CCNCC1,,
CCOC(=O)C1CCCCC1=O,CCOC(=O)C1CCCCC1O,,
CCCCCCCCCCO,CCCCCCCCC,,
O=c1ccc2ccc(O)cc2o1,O=C1CCc2ccc(O)cc2O1,,
Oc1cccnc1CN1CCCC1,OC1CCCNC1CN1CCCC1,,
N#Cc1cccc2c1CCC2O,N#Cc1cccc2c1CCC2,,
CCOC(=O)C1CCCCC1=O,CCOC(=O)C1CCCCC1O,,
N#Cc1cccc2nnsc12,NCc1cccc2nnsc12,,
CCOC(=O)C(C#N)=NO,CCOC(=O)C(N)C#N,,
C=CC1CC2C=CC1C2,C1=CCC2CCCC2=C1,,
Nc1cccc(N)c1NCCO,Nc1cccc2c1NCCN2,,
COC(=O)CCCCCCC(=O)O,COC(=O)CCCCCCCO,,
COC(=O)CCCCCCC(=O)O,COC(=O)CCCCCCCO,,
O=C(O)Cc1ccncc1,O=C(O)CC1CCNCC1,,
CCCC[C@](N)(CC)CO,CCCC[C@]1(CC)CN1,,
O=C(O)Cc1ccncc1,O=C(O)CC1CCNCC1,,
C#CC1(O)CN2CCC1CC2,C=CC1(O)CN2CCC1CC2,,
OCCn1ccc2c(O)cccc21,OCCN1CCc2c(O)cccc21,,
O=C(O)Cc1ccncc1,O=C(O)CC1CCNCC1,,
COc1ccsc1.O=C=O,COc1ccsc1C(=O)O,,
O=C1Cc2ccccc2C1,C1=Cc2ccccc2C1,,
O=C(O)Cc1ccncc1,O=C(O)CC1CCNCC1,,
CCOC(=O)C(C#N)=NO,CCOC(=O)C(N)C#N,,
N#Cc1ccnc(C=O)c1,Cc1ccnc(C=O)c1,,
COc1ccccc1OCC#N,COc1ccccc1OCCN,,
O=C(O)Cc1ccncc1,O=C(O)CC1CCNCC1,,
N#CC=Cc1cccnc1,N#CCCc1cccnc1,,
CCOC(=O)CCCC(C)C,CC(C)CCCC(=O)O,,
O=C1Cc2ccccc2C1,C1=Cc2ccccc2C1,,
Cc1cccc(C)c1C(=O)O,Cc1cccc(C)c1CO,,
Cc1sccc1C(=O)[O-],Cc1sccc1C(=O)O,,
Cc1cccc(C)c1C(=O)O,Cc1cccc(C)c1CO,,
COc1cccc2c1ccn2N,Oc1cccc2nnccc12,,
NCc1cccc(CN)c1,NCC1CCCC(CN)C1,,
O=C(O)CCc1cccs1,O=C1CCc2sccc21,,
CCOC(=O)C(C#N)=NO,CCOC(=O)C(N)C#N,,
CCOC(=O)C(C#N)=NO,CCOC(=O)C(N)C#N,,
c1ccc2ocnc2c1,CNc1ccccc1O,,
COC(=O)CCCCCCC(=O)O,COC(=O)CCCCCCCO,,
CCOC(=O)CC(=O)CC,CCOC(=O)CC(O)CC,,
O=C(O)Cc1ccncc1,O=C(O)CC1CCNCC1,,
COc1cccc2sncc12,Oc1cccc2sncc12,,
Nc1ccc2c(c1)CCC2O,Nc1ccc2c(c1)CC=C2,,
CCOC(=O)C1(C#N)CCC1,CCOC(=O)C1(CN)CCC1,,
c1ccc2ocnc2c1,CNc1ccccc1O,,
C=CCC(C)C(O)CC(=O)OC,C=CCC(C)C(O)CC(=O)O,,
O=C(O)CCC1CCOC1,OCCCC1CCOC1,,
COC1CCCN(CC#N)C1,COC1CCCN(CCN)C1,,
Cc1cccc(C)c1C(=O)O,Cc1cccc(C)c1CO,,
C=C1CC(C#N)(COC)C1,C=C1CC(C#N)(CO)C1,,
CCOC(=O)C(C#N)=NO,CCOC(=O)C(N)C#N,,
CC(C)CC(C)c1ccccc1N,CC(C)CC(C)C1CCCCC1N,,
CCOC(=O)c1cnccc1C,CCOC(=O)C1CNCCC1C,,
NC(=O)c1ccnc(N)c1,NC(=O)c1ccncc1,,
CC(C)(O)COCC1CO1,CC1(C)COCC(CO)O1,,
CCOC(=O)C(N=O)C(=N)N,CCOC(=O)C(N)C(=N)N,,
COC12CCC(CC1)CC2=O,COC12CCC(CC1)CC2,,
C=CCOCCOCC(=O)OC,C=CCOCCOCCO,,
COc1nc(CO)cc(C)c1C#N,COc1nc(CO)cc(C)c1CN,,
C=CCCCCCCCC(=O)OC,C=CCCCCCCCC(=O)O,,
O=C([O-])c1ccccn1,O=C(O)c1ccccn1,,
NC(=S)c1sccc1N,Nc1snc2ccsc12,,
CC(=O)c1ccccc1O,CC(O)c1ccccc1O,,
CCOC(=O)C(C#N)=NO,CCOC(=O)C(N)C#N,,
N#Cc1ccc(CC=O)nc1,N#Cc1ccc(CCO)nc1,,
CCCCOP(=O)(CC)CCC#N,CCCCOP(=O)(CC)CCCN,,
COc1nc(C)cc(C)c1C#N,COc1nc(C)cc(C)c1CN,,
C=CCCCCCCCC(=O)OC,C=CCCCCCCCC(=O)O,,
N#Cc1cccc2ccnn12,NCc1cccc2ccnn12,,
C=CCCCCCCCCC=O,C=CCCCCCCCCCO,,
CN(CC(=O)O)CC(=O)O,CN1CC(=O)OC(=O)C1,,
CCn1ccc2c(C=O)cccc21,CCn1ccc2c(CO)cccc21,,
