Index,Reactants,Products
2,CCCCCC/C=C/C(=O)O,CCCCCC/C=C/CO
3,c1ccc2c(c1)CCCC2,c1ccc2ccccc2c1
4,CC=CCCCCCCCCCC(=O)O,CCCCCCCCCCC=CC(=O)O
5,COC1=CC=CC=CC1,COC1C=CC=CC=C1
7,CCCCCc1ccc(O)cc1,CCCCCC1CCC(O)CC1
8,C#CC(C)(O)C=CC(C)CC,C=CC(C)(O)C=CC(C)CC
9,CC1CC=C(C(=O)O)CC1,CC1=CCC(C(=O)O)CC1
10,CC1CC=C(C(=O)O)CC1,CC1=CCC(C(=O)O)CC1
11,COc1cc(SC#N)ccc1O,COc1cc(SC)ccc1O
12,CC(C)(C)C1CCCC(N)C1,CC(C)(C)c1cccc(N)c1
13,O=C(O)C=Cc1ccccc1,O=C(O)C#Cc1ccccc1
14,CC1(C)COC(=O)C1=O,CC1(C)COC(=O)C1O
15,COC(=O)CCCCC=O,O=CCCCCC(=O)O
16,COC(=O)CCCCC=O,O=CCCCCC(=O)O
17,COC(=O)CCCCC=O,O=CCCCCC(=O)O
18,O=C(NCCO)c1cnccn1,O=C(NCCO)C1CNCCN1
19,CC(=O)C1=CCN(C)CC1,CC(=O)C1=CCNCC1
20,C=CCNC(=S)NCC=C,C=CCN=C=NCC=C
21,C=CCCCCCCCCCC,C#CCCCCCCCCCC
22,C=C(C)C(=O)N=C=O.CN,C=C(C)C(=O)NC(=O)NC
23,OCc1cccc2cccnc12,OCc1cccc2c1NCCC2
24,CCCCCCCCCCCCCO,CCCCCCCCCCCCO
25,c1ccc2c(c1)CCCC2,c1ccc2ccccc2c1
26,CC1CC(=O)CC(=O)C1.N,CC1CC(=O)C=C(N)C1
27,c1ccc(C2CO2)cc1,OCCc1ccccc1
28,CCCCC(=O)CCC(C)=O,CCCCC(=O)CCC(C)O
29,Nc1ccc2c(c1)CCC2,c1ccc2c(c1)CCC2
30,c1ccc(C2CO2)cc1,OCCc1ccccc1
31,CC1(O)Cc2ccccc2C1,CC1=Cc2ccccc2C1
32,CCCCCCC(C)NC(C)=O,CCCCCCC(C)NCC
33,C#CCO.C=C(C)C(=O)O,C#CCOC(=O)C(=C)C
34,CCC1CCNc2cc(OC)ccc21,CCC1CCNc2cc(O)ccc21
35,COC(=O)CCCCC=O,O=CCCCCC(=O)O
36,O=C(O)CC(CS)C(=O)O,O=C1CC(C(=O)O)CS1
37,O=C(O)c1cccc2occc12,O=C(O)c1cccc2c1CCO2
38,COc1cccc2c1OCC=C2,COc1cccc2c1OCCC2
39,C#CCC(CC#C)C(=O)OC,C#CCC(CC#C)C(=O)O
40,COC(CCC(CO)CO)OC,COC1CCC(CO)CO1
41,CC(C)N1CCN(C=O)CC1,CC(C)N1CCNCC1
42,c1ccc(C2CO2)cc1,OCCc1ccccc1
43,O=[N+]([O-])C=Cc1cccs1,O=[N+]([O-])CCc1cccs1
44,CC1(O)Cc2ccccc2C1,CC1=Cc2ccccc2C1
45,CC1(C)COC(=O)C1=O,CC1(C)COC(=O)C1O
46,O=Cc1ccc(O)cc1,OCc1ccc(O)cc1
47,CCCCCCCCCCCCCO,C=CCCCCCCCCCC
48,CCOc1cccnc1C(=O)O,CCOc1cccnc1CO
49,CC(C)S(=O)(=O)CC#N,CC(C)S(=O)(=O)CCN
50,CS(=O)(=O)Cc1ccccn1,CS(=O)(=O)CC1CCCCN1
51,O=C(O)C1CCCCC1,O=C(O)c1ccccc1
52,CC1(C)CCC(=NO)CC1,CC1(C)CCC(N)CC1
55,O=C(O)c1cccnc1O,OCc1cccnc1O
56,CCCCC/C=C/CCC=O,CCCCC/C=C/CCCO
57,COC(=O)COC/C=C/C=O,COC(=O)COC/C=C/CO
58,CC1(C)CCC(=NO)CC1,CC1(C)CCC(N)CC1
59,Cc1ccc(N)c(C(N)=O)c1,Cc1ccc(N)c(CN)c1
61,N#CCN1CCCC(O)C1,NCCN1CCCC(O)C1
62,COc1cccc2conc12,Oc1cccc2conc12
63,C#Cc1csc(C=O)c1,C#Cc1csc(CO)c1
65,Cc1ccc(N)c(C(N)=O)c1,Cc1ccc(N)c(CN)c1
66,O=C(O)Cc1ccccc1,O=C(O)CC1CCCCC1
67,CC1Cc2sccc2C(=O)N1,CC1Cc2sccc2CN1
68,O=C(O)CC1CCOCC1,OCCC1CCOCC1
69,O=C(O)c1cccc2occc12,O=C(O)c1cccc2c1CCO2
70,c1cc(OC2CCC2)ccn1,C1CC(OC2CCNCC2)C1
71,CC(O)(C#N)c1ccccn1,CC(O)(CN)c1ccccn1
72,CCc1cccc(OC)n1,CCc1cccc(O)n1
73,CCOC(=O)c1coc(C=O)n1,CCOC(=O)c1coc(CO)n1
74,CC(C)c1ccnc(C#N)c1,CC(C)c1ccnc(CN)c1
75,CC1(C)CCCCC1=NO,CC1(C)CCCCC1N
76,[N-]=[N+]=NC1CCC(=O)C1,[N-]=[N+]=NC1CCC(O)C1
77,Oc1cccc2cnccc12,Oc1cccc2c1CCNC2
78,CCNC(=O)C1=CCCC1,CCNCC1CCCC1
79,N#Cc1ccccc1C1CC1C=O,N#Cc1ccccc1C1CC1CO
80,Cn1cncc1C1=CCCCC1=O,Cn1cncc1C1CCCCC1O
81,Oc1cccc2cnccc12,Oc1cccc2c1CCNC2
83,CC=CC=CCCC(=O)OCC,CC=CC=CCCC(=O)O
84,Cn1cc2cccc(C#N)c2n1,Cn1cc2cccc(CN)c2n1
85,NC(=O)c1ccc(S)cc1,NC(=O)c1ccccc1
86,CCc1nc(C)ccc1C(=O)OC,CCc1nc(C)ccc1CO
87,CCP1(=O)CCCc2ccccc21,CCP1(=O)C=Cc2ccccc21
88,COC1CC(N)CCC1C,COc1cc(N)ccc1C
89,CCOc1cc(N)ccc1C,CCOC1CC(N)CCC1C
90,COc1ccc2c(O)cccc2c1,O=C1CCc2c(O)cccc2C1
91,CC1(C)CC(=O)C=C(O)C1,CC1(C)CC(=O)CC(=O)C1
92,CCc1nccnc1CC,C=Cc1nccnc1C
93,N.O=CCN1C=NCCC1,NCCN1C=NCCC1
94,O=C(O)c1nccnc1O,OCc1nccnc1O
95,Nc1ccc(C(=O)O)nn1,Nc1ccc(CO)nn1
96,Cc1nsc(C)c1C(=O)O,Cc1nsc(C)c1CO
97,CCCCCC#CCC(=O)OC,CCCCCC=CCC(=O)OC
98,OCCc1cnccn1,OCCC1CNCCN1
99,C=C(C)C(=O)OCC1CO1.O,C=C(C)C(=O)OCC(O)CO
100,CCCCCC/C=C/C=O,CCCCCC/C=C/CO
101,COP(=O)(CCOC(C)=O)OC,COP(=O)(CCO)OC
102,COP(=O)(CCOC(C)=O)OC,COP(=O)(CCO)OC
103,COP(=O)(CCOC(C)=O)OC,COP(=O)(CCO)OC
104,COP(=O)(CCOC(C)=O)OC,COP(=O)(CCO)OC
106,COC(=O)C(N=[N+]=[N-])OC,COC(N=[N+]=[N-])C(=O)O
107,C=CC(=C)CCC1OC1(C)C,C=CC(=C)CCCC(C)(C)O
108,Nc1nccc(O)c1C(=O)O,Nc1ncccc1C(=O)O
110,CC(=O)c1ccccn1,CC(O)c1ccccn1
111,CCCCCCC(C)=O,CCCCCCC(C)O
112,CC(=O)c1ccccc1,CC(O)c1ccccc1
113,N#CCCc1ccccn1,NCCCc1ccccn1
114,C=C(C)C=CCCC(=C)C,C=C(C)CC=CC=C(C)C
115,CC/C=C\C(=O)C(OC)OC,CC/C=C/C(=O)C(OC)OC
116,N#CCOC1CCCCO1,NCCOC1CCCCO1
117,C=CCCNC(C)(C)C#N,C=CCCNC(C)(C)CN
118,C#N.O=C1CCCCC1,N#CC1(O)CCCCC1
119,CCc1ccc2occc2c1,Cc1ccc2occc2c1
120,C1CC2CC3CCC2C(C1)C3,C1CC2CC3CC1CC(C2)C3
121,CCC=C=CCC(=O)OCC,CCC=CC=CC(=O)OCC
122,CN(C)CCC(=O)C1CC1,CNCCC(=O)C1CC1
123,C=Cc1ccc2ccccc2c1,C#Cc1ccc2ccccc2c1
124,Cc1ccc(C(=O)O)cc1,Cc1ccc(C=O)cc1
125,Cc1ccc(C(=O)O)cc1,Cc1ccc(C=O)cc1
126,Cc1ccc(C(=O)O)cc1,Cc1ccc(C=O)cc1
127,CCCCCCCCCCCC(=O)O,CCCCCCCCCCCCO
128,C=C=CC(C)C(=O)OCC,CCCC(C)C(=O)OCC
129,CCOC(C#CC(C)=CCO)OCC,CCOC(C=CC(C)=CCO)OCC
130,COC1CCCCC1=O,COc1ccccc1O
131,O=C1CC(=O)c2ccccc21,O=C1CC(O)c2ccccc21
132,COc1cccc2nscc12,Oc1cccc2nscc12
133,COc1cccc2csnc12,Oc1cccc2csnc12
134,Cn1cccc1CC(=O)O,Cn1cccc1CCO
135,N#CCCCc1ccccn1,NCCCCc1ccccn1
136,CC(=O)c1ccccn1,CC(O)c1ccccn1
137,COC(C)(C)CCCC(C)CC=O,COC(C)(C)CCCC(C)CCO
138,CCOC(C)(C)CCCC(C)=O,CCOC(C)(C)CCCC(C)O
139,Cc1cnc(C(=O)O)cn1.N,Cc1cnc(C(N)=O)cn1
140,CC(=O)OCCCCOC(C)=O,CC(=O)OCCCCO
141,CC1=CC(=O)CC(C)(C)C1,CC1=CC(C)(C)CC(=O)C1
142,CC(=O)NCCCCCCC#N,CCNCCCCCCCN
143,C=Cc1ccc2ccccc2c1,C#Cc1ccc2ccccc2c1
144,CC1=CC(=O)CC(C)(C)C1,CC1=CC(C)(C)CC(=O)C1
145,C=Cc1ccc(OC(C)=O)cc1,C=Cc1ccc(O)cc1
146,COc1cccc(C2CO2)c1,COc1cccc(C=O)c1
147,Cc1ccccc1C1CO1,Cc1ccccc1C=O
148,Cc1ccc(C2CO2)cc1,Cc1ccc(C=O)cc1
149,O=C(O)c1ccc(O)cc1,O=C(O)C1CCC(O)CC1
150,CC(=O)OCCCC=O,CC(=O)OCCCCO
151,CC(=O)OCC(C)C=O,CC(=O)OCC(C)CO
152,COC(=O)c1ccco1,COC(=O)C1CCCO1
153,CCOC1CCCCC1=O,CCOc1ccccc1O
154,CC(C)=CCC(C)C=O,CC(C)CCC(C)C=O
155,O=C(O)c1nccnc1O,OCc1nccnc1O
156,Nc1ccc(C=CC(=O)O)cc1,Nc1ccc(C=CCO)cc1
157,C1=C2CCCC2CCC1,C1CCC2CCCC2C1
158,OCc1ncc2n1CCCC2,c1ncn2c1CCCC2
159,CC1=CSCC2=NCCN12,C1=CN2CCN=C2CS1
160,O=C(O)C1CC2C=CC1C2,O=C(O)C1CC2CCC1C2
161,O=C(O)C1CCC=CO1,O=C(O)C1CCCCO1
162,CC(C)=CCCC(C)=CC=O,CC(C)=CCCC(C)CCO
163,c1ccc2ncccc2c1,c1ccc2cnccc2c1
164,O=CNCc1ccccn1,c1ccn2cncc2c1
165,COC1(OC)CCCC1=NO,COC1(OC)CCCC1N=O
166,NCCSCc1cnc(N)s1,NCCSCc1cncs1
167,COCc1sc(N)nc1C,COCc1scnc1C
168,CCc1ncc(C(=O)OC)s1,CCc1ncc(CO)s1
169,COc1cccc(C(=O)O)c1,COc1cccc(CO)c1
170,C#CC(C)(O)C(OC)OC,C=CC(C)(O)C(OC)OC
171,Cc1csc(C)c1C=O,Cc1csc(C)c1CO
172,O=C(O)CCCCCC(=O)O,O=C1CCCCCC(=O)O1
173,NCC1CCCC(CN)C1,NCc1cccc(CN)c1
174,O=CCc1ccccc1,OCCc1ccccc1
175,N#CC(O)C1CCC2CC21,N#CC=C1CCC2CC12
176,NCCCCCCCCCCCCN,CCCCCCCCCCCC
177,COC(=O)Nc1ccccc1,COC(=O)NC1CCCCC1
178,CCOC(=O)N(C)c1ccccc1,CCOC(=O)N(C)C1CCCCC1
179,c1ccc(Cc2cccnc2)cc1,c1ccc(CC2CCCNC2)cc1
180,C1=CCCCCCCC=C1,C1=CCCCCC=CCC1
181,C#CCO.C1=COCCC1,C#CCOC1CCCCO1
182,CC1C(=O)CCCC1=O,Cc1c(O)cccc1O
183,CC1=CCCC(C)(C)C1C=O,CC1=CCCC(C)(C)C1CO
184,C=Cc1ccccc1O,CCc1ccccc1O
186,COc1c(O)ccc2c1OCC2=O,COc1c(O)ccc2c1OCC2
187,COC(=O)c1cccnc1,O=C(O)c1cccnc1
188,CCC1CCc2ccc(OC)cc21,CCC1CCc2ccc(O)cc21
189,C#CCO.C1=COCCC1,C#CCOC1CCCCO1
190,O=C=Nc1ccccc1,O=CNc1ccccc1
191,O=C=NC1CCCCC1,O=CNC1CCCCC1
192,COc1ccoc1C(C)O,Cc1occc(=O)c1O
193,CC(=O)OC1C=CCC1,CC(=O)OC1CCCC1
194,CCC(C)=CCCC(C)=O,CCC(C)=CCCC(C)O
195,CCOC(=O)C1N=COC1CC,CCOC(=O)C(N)C(O)CC
196,CCCC=C(C=O)CC,CCCCC(CC)CO
197,O=CNc1ccccc1,O=CNC1CCCCC1
198,CC1=NCNC(C)(C)C1,CC1CC(C)(C)NC=N1
199,CC1=NCNC(C)(C)C1,CC1CC(C)(C)NC=N1
200,CC1(C)CC=CC(=O)C1,CC1(C)CCCC(=O)C1
201,CCCCC(C)(C)C#N,CCCCC(C)(C)CN
202,Cc1ncccc1C(=O)CCC#N,Cc1ncccc1C1CCCN1
203,CCCC1=CC(=O)OC1=O,C=CCC1CC(=O)OC1=O
205,CCC1(C)Cc2ccccc2C1=O,CCC1(C)Cc2ccccc2C1
206,CCCCCCC(C)=CCO,CCCCCCC(C)CCO
207,CCCCCCC(C)=CCO,CCCCCCC(C)CCO
208,CCCCCC=C/C=C/C=O,CCCCCC=C/C=C/CO
209,CCCCCCCCCCNC(C)=O,CCCCCCCCCCNCC
210,C=CC#N.NNC(N)=O,CC(C#N)NNC(N)=O
211,COc1cccc(OC)c1O,Oc1cccc(O)c1O
212,CN(C)CCN1CCOCC1,CC1CN(C)CCN1C
213,C=C(C)C(=O)OCC(O)CO,C=C(C)C(=O)OCCCO
214,CC(Oc1ccccc1)C(=O)O,CC(CO)Oc1ccccc1
215,C#CCO.C1=COCCC1,C#CCOC1CCCCO1
216,Nc1ccc(O)c2cnsc12,Oc1cccc2sncc12
217,C1=NNC(c2ccccc2)C1,NCCC(N)c1ccccc1
218,CC(=O)C=Cc1cccn1C,CC(=O)CCc1cccn1C
219,CN(C)CCCNCCC#N,CN(C)CCCNCCCN
220,O=C1CC2C=CCCC2O1,OC1CC2C=CCCC2O1
221,N#CCn1ccc2ccccc21,N#CCN1CCc2ccccc21
222,CCCC1CCC(=O)CC1,CCCC1CCC(O)CC1
223,COc1ccc(C=O)cc1,COc1ccc(C)cc1
224,CCOc1cscc1NC=O,CCOc1cscc1N
225,N#Cc1ccc(C#N)cc1,NCc1ccc(CN)cc1
226,CCCCCCC=CCCCC(=O)O,CCCCCCCCCC=CC(=O)O
227,CCC=CCCCCCCCC(=O)O,CCCCC=CCCCCCC(=O)O
228,CC=CCCCCCCCC(=O)O,CCCCC=CCCCCC(=O)O
229,CCCCCCCCCC=CCCC(=O)O,CCCCCCCCCCCC=CC(=O)O
230,c1ccc2occc2c1,C#Cc1ccccc1O
231,CC(=O)Cc1ccncc1,CC(O)Cc1ccncc1
232,[O-]c1cccc2ccccc12,Oc1cccc2ccccc12
233,COC(=O)C1=CSCC1O,COC(=O)c1cscc1O
234,CC(=O)C1=CSCC1O,CC(=O)c1cscc1O
235,COC(=O)C1=CSCC1O,COC(=O)c1cscc1O
236,COC(=O)C1SC=CC1O,COC(=O)c1sccc1O
237,Cc1cccc(C)c1OCC(N)=O,Cc1cccc(C)c1OCC#N
238,N#Cc1ccc(C#N)cc1,NCc1ccc(CN)cc1
240,COC(=O)C1C=CCCC1,COC(=O)C1=CCCCC1
241,COC(=O)C1C=CCCC1,COC(=O)C1=CCCCC1
242,COC1=CC=CCC=C1,COC1=CC=CC=CC1
243,COC1C=CC=CC=C1,COC1=CC=CC=CC1
244,COC1C=CC=CC=C1,COC1=CC=CCC=C1
245,COC1=CC=CCC=C1,COC1=CC=CC=CC1
246,C1=CCCC=CCCC=CCC1,C1=CC=CCCCCCCC=C1
247,COc1ccc(CC(=O)O)cc1,COc1ccc(CCO)cc1
248,CCCN(N=O)c1ccccc1,CCCN(N)c1ccccc1
249,CC(=O)Cc1ccccc1,CC(O)Cc1ccccc1
250,CC(C)(C)c1cc(N)no1,CC(C)(C)C(=O)CC#N
251,CCOC(=N)CC(=O)OCC,CCOC(=O)CC(N)=O
252,CC(=O)C=Cc1ccccc1,CC(=O)CCc1ccccc1
253,CCCCCCCCCCCC(C)NC=O,CCCCCCCCCCCC(C)N
254,CCCCCCCCCCCC(C)=NO,CCCCCCCCCCCC(C)N
255,CCN1CCN(N=O)CC1,CCN1CCN(N)CC1
256,O=CC=Cc1ccccc1,OCC=Cc1ccccc1
257,O=CCc1ccccc1,OCCc1ccccc1
258,CC(C)CC(C)(O)C#N.N,CC(C)CC(C)(N)C#N
259,COC(=O)C1CCC(=O)C1,COC(=O)C1CCC(O)C1
260,CN1C2CCCC1CC(=NO)C2,CN1C2CCCC1CC(N)C2
261,N#CCCOP(=O)([O-])[O-],N#CCCOP(=O)(O)O
262,O=C1OCc2ccccc21,c1ccc2c(c1)COC2
263,CSc1nnc(C(N)=O)s1,CSc1nnc(C#N)s1
264,O=CNCc1ccccn1,c1ccn2cncc2c1
265,CC(=O)c1ccccc1,CC(O)c1ccccc1
266,NC(=O)CCCc1ccncc1,NC(=O)CCCC1CCNCC1
267,COCCc1ccncc1,COCCC1CCNCC1
268,C=CCN=CC(CC)CCCC,CCC=NC=C(CC)CCCC
269,CC(C)(C)C1CCC(=O)CC1,CC(C)(C)C1CCC(O)CC1
270,CC(=O)c1ccccc1,CC(O)c1ccccc1
271,CCC(=O)c1ccccc1,CCC(O)c1ccccc1
272,CCC(=O)c1ccccc1,CCC(O)c1ccccc1
273,CC(C)C(=O)c1ccccc1,CC(C)C(O)c1ccccc1
274,Cc1c(C(=O)O)ncn1C,Cc1c(CO)ncn1C
275,CCC/C=C/CC#CCO,CCCC=CC/C=C/CO
276,CCCCC=C/C=C/C(=O)[O-],CCCCC=C/C=C/CO
277,CNc1ccc(O)cc1,CNC1CCC(O)CC1
278,O=C1Nc2ccccc2CO1,Nc1ccccc1CO
279,CC(C=O)c1ccccc1,CC(CO)c1ccccc1
280,C=Cc1ccc(OC(C)=O)cc1,C=Cc1ccc(O)cc1
282,O=c1ccc2ccccc2o1,O=C1CCc2ccccc2O1
283,CC1=CCCC(C)(C)C1=O,CC1C=CCC(C)(C)C1=O
284,CCOP(=O)(OCC)OCC,CCOP(OCC)OCC
285,CC(=O)c1ccc(C#N)s1,CC(=O)c1ccc(CN)s1
286,C#CC(C)(O)CCC(C)CC,C=CC(C)(O)CCC(C)CC
287,O=C1CCc2ccccc21,OC1CCc2ccccc21
288,Nc1cccc(C(=O)O)n1,Nc1cccc(CO)n1
289,CC(=O)NCCc1ccncc1,CC(=O)NCCC1CCNCC1
290,O=C1CCCCC2OC12,O=C1CCCCC(O)C1
291,C=C1CCC2(C(C)C)CC12,CC1=CCC2(C(C)C)CC12
292,CC(C)(C)/C=C/C=C/C=O,CC(C)(C)/C=C/C=C/CO
293,N#Cc1ccnc(CO)c1,NCc1ccnc(CO)c1
294,CCOC(=O)C1CCCC1=O,CCOC(=O)C1CCCC1O
295,C=CCC(C)(C=C)C(C)=O,C=CCC(C)(C=C)C(C)O
296,CC1=COC(C)(C=O)CC1,CC1=COC(C)(CO)CC1
297,COc1ccc(CCCC#N)cc1,COc1ccc(CCCCN)cc1
298,CC(=O)Cc1ccccc1,CC(O)Cc1ccccc1
299,C=CCON1CC1C(N)=O,CCON1CC1C(N)=O
300,CC(C)(CC(=O)O)C(=O)O,CC1(C)CC(=O)OC1=O
301,O=C1CC2C=CC1CC2,O=C1CC2CC=CCC12
302,CCCCC=CC=CO,C=CCCCC=CCO
303,C=COCC.CC(=O)O,CCOC(C)OC(C)=O
304,CNc1ccc(C(=O)O)cc1,CNC1CCC(C(=O)O)CC1
306,CCC1CCCCC1N,CCc1ccccc1N
307,CCC1CCCC(CC)C1N,CCc1cccc(CC)c1N
308,CCOC(=O)C=Cc1ccccc1,CCOC(=O)CCc1ccccc1
309,COc1ncncc1[N+](=O)[O-],COc1ncncc1N
310,Cn1cccc1.N#C[S-],Cn1cccc1SC#N
311,C=CCCCC(CCC)C(=O)OC,C=CCCCC(CCC)C(=O)O
312,Cc1cn2cccc(C=O)c2n1,Cc1cn2cccc(CO)c2n1
313,ON=Cc1ccc(O)cc1,N#Cc1ccc(O)cc1
314,OCc1ccc(CO)o1,OCC1CCC(CO)O1
315,OCc1ccc(CO)o1,OCC1CCC(CO)O1
316,N#CC1CCC(C=O)CC1,N#CC1CCC(CO)CC1
317,c1ccc(C2=NCCO2)cc1,C1=NC(c2ccccc2)OC1
318,CC1=CCC(C2(C)CS2)CC1,CC1=CCC(C(C)(C)S)CC1
319,Cc1ccc(C)n1CCOCCO,CC1CCC(C)N1CCOCCO
321,Cc1cc(N)cnc1CCCC#N,Cc1cc(N)cnc1CCCCN
322,O=CC=Cc1ccccc1,OCCCc1ccccc1
323,O=C([O-])c1ccccc1,O=C(O)c1ccccc1
324,CC(C)C1=NCCCN1,CC(C)c1ncccn1
325,C=CCC1CCCCCCCCCCC1=O,C=CCC1CCCCCCCCCCC1O
326,CCN(CC)C(COC)COC,CCN(CC)C(CO)CO
327,Cc1ccc(OCCO)cc1,CC1CCC(OCCO)CC1
328,COc1ccc(CN)cc1,NCc1ccc(O)cc1
329,C=CCCCCCC=O,CCCCCCCC=O
330,CCC1CCCC(CC)C1N,CC1CCCC(C)C1N
331,CCOC(=O)c1ccc(O)cc1,CCOC(=O)C1CCC(O)CC1
332,CCCCCc1ocnc1C(=O)OC,CCCCCc1ocnc1C(=O)O
333,Oc1ccc2c(c1)C=CCO2,Oc1ccc2c(c1)CCCO2
334,CC1CCCC(C)C1O,Cc1cccc(C)c1O
335,CC1CCCC(C)C1O,Cc1cccc(C)c1O
336,CC(O)(CO)c1ccncc1,CC(O)(CO)C1CCNCC1
337,CCCCCCCN(CC)CC#N,CCCCCCCN(CC)CCN
338,c1ccc2c(c1)CCOC2,Cc1ccccc1CCO
339,c1ccc(CN2CCOCC2)nc1,C1CCC(CN2CCOCC2)NC1
340,CC=O.N#CCc1cccnc1,CC=C(C#N)c1cccnc1
341,N#CCCCc1ccncc1,NCCCCc1ccncc1
342,OCCC#Cc1cncnc1,OCCCCc1cncnc1
343,CCCCCCC1CC1C(=O)OCC,CCCCCCC1CC1C(=O)O
344,Cc1cn(CCCN)c(C)n1,Cc1cn(CCCN)cn1
345,CNC(=O)c1ccncc1,CNC(=O)C1CCNCC1
346,CCCCCCCCCCCCC=COC=O,CCCCC=CCCCCCCCCOC=O
347,CC=CC(=O)C(C)CC,CC=CC(O)C(C)CC
348,CCOC(=O)c1ccc(O)cc1,CCOC(=O)C1CCC(O)CC1
349,CCOC(=O)C1CCC(O)CC1,CCOC(=O)C1CCCCC1
350,CC1(C)CCC(C)(C)C1C=O,CC1(C)CCC(C)(C)C1CO
351,O=C(O)c1cnncc1C(=O)O,O=C(O)c1ccnnc1
352,CC(C)=Nn1nnnc1S,CC(C)Nn1nnnc1S
353,COc1cccc2ccoc12,Oc1cccc2ccoc12
354,CC1(C)CC(=O)OC(=O)C1,CC1(C)CCOC(=O)C1
355,Cc1ccc(CC#N)cc1,Cc1ccc(CCN)cc1
356,CC=CCC(=O)Nc1ccccc1,CCC=CC(=O)Nc1ccccc1
357,COc1ccc(O)c(C=O)c1,COc1ccc(O)c(CO)c1
358,COc1cc(C(=O)O)ccc1C,COc1cc(CO)ccc1C
359,CC(=O)Cc1ccccc1,CC(O)Cc1ccccc1
360,COC(=O)CCCCC(OC)OC,COC(=O)CCCCC=O
362,COC(=O)c1ccco1,COC(=O)C1CCCO1
364,COc1ccc(C=NO)cc1C,COc1ccc(C#N)cc1C
365,CC(=O)c1sc(N)nc1C,CC(=O)c1scnc1C
366,CCCCNC(=O)OCC(=O)OC,CCCCNC(=O)OCC(=O)O
367,c1ccc2cnccc2c1,C1CCC2CNCCC2C1
368,c1ccc2cnccc2c1,C1CCC2CNCCC2C1
369,C=CCOC(C)C(=O)OCC,C=CCOC(C)C(=O)O
370,CCC#CCCCCCCCCO,CCC=CCCCCCCCCO
371,CCn1cccc1C=O.NO,CCn1cccc1C#N
372,CC(O)c1ccc(N)cc1,C=Cc1ccc(N)cc1
373,O=C(O)CCCc1ccccc1,O=C(O)CCCC1CCCCC1
374,COC(=O)c1ccccc1S,COC(=O)c1ccccc1
375,CC(O)CN(C)CC(C)O,CC1CN(C)CC(C)O1
376,O=C1CCCc2sccc21,OC1CCCc2sccc21
377,O=C(O)CCSc1ccoc1,O=C1CCSc2ccoc21
379,CN(C)c1ccc(C=NO)cc1,CN(C)c1ccc(C#N)cc1
380,COc1cc(C(C)=O)ccc1O,COc1cc(C=O)ccc1O
381,CCC(C)Sc1ccc(OC)cc1,CCC(C)Sc1ccc(O)cc1
382,COc1cccc2c1SCCC2=O,COc1cccc2c1SCCC2O
383,CC(C)=C1CCOC1=O,CC(C)C1CCOC1=O
384,CC1(C)CCC(C)(C)C1=O,CC1(C)CCC(C)(C)C1O
385,Nc1ccc(C(=O)O)cc1,NC1CCC(C(=O)O)CC1
386,O=Cc1cnc2ccccn12,OCc1cnc2ccccn12
387,O=C1COc2ccccc2N1,c1ccc2c(c1)NCCO2
388,COc1ccc[n+]([O-])c1C,COc1cccnc1C
389,Cc1ccc2ccccc2n1,CC1CCc2ccccc2N1
390,COc1ccc(C(=O)O)cc1,COc1ccc(C=O)cc1
391,CCCCC=CC(=O)O,CCCCCCC(=O)O
392,COC(=O)c1ccc(O)cc1,COC(=O)C1CCC(O)CC1
393,COC(=O)c1ccc(O)cc1,COC(=O)C1CCC(O)CC1
394,CCCCCCN(CCO)CCO,CCCCCCNCCO
395,CC(C)CN=Cc1ccccc1,CC(C)CNCc1ccccc1
396,N#Cc1ccc(N)cc1,NCc1ccc(N)cc1
397,CC1=NCCc2ccccc21,CC1NCCc2ccccc21
398,O=C(O)c1ccc(O)cc1,O=C(O)C1CCCCC1
399,CCC(=O)CC(=O)O.CO,CCC(=O)CC(=O)OC
400,CCC(=O)CC(=O)O.CO,CCC(=O)CC(=O)OC
401,CCSc1scnc1C(=O)OC,CCSc1scnc1C(=O)O
402,CC1(C)CCC(C)(C)C1=O,CC1(C)CCC(C)(C)C1O
403,COc1cccc(CC(N)=O)c1,COc1cccc(CC#N)c1
405,CCCCOC(C)C(=O)OCC,CCCCOC(C)CO
406,O=C(O)C=Cc1cccnc1,O=C(O)CCc1cccnc1
407,Cc1ccc2c(c1)OCC2O,Cc1ccc2ccoc2c1
408,CCCCCCCCCc1ccccc1C=O,CCCCCCCCCc1ccccc1CO
410,OCCCC#Cc1ccccn1,OCCCCCc1ccccn1
411,COC1CCCN1C(C)=O,CC(=O)N1CCCC1O
412,O=C(O)Cc1cccnc1,OCCc1cccnc1
413,CC(=O)c1ccc(O)cc1,CC(=O)c1ccccc1
414,Cn1nc2nnsc2c1C(N)=O,Cn1nc2nnsc2c1C#N
415,COCC1SCCC12OCCO2,COCC1SCCC1=O
416,CC1(CO)CSCC12OCCO2,CC1(CO)CSCC1=O
418,Nc1cccc2cnccc12,Nc1cccc2c1CCNC2
419,Sc1nc2cccccc-2n1,c1ccc2ncnc-2cc1
420,COc1ccc(C=O)cc1,COc1ccc(C)cc1
421,N#CCCc1cccs1,NCCCc1cccs1
422,Cc1cccc(C=O)n1,Cc1cccc(CO)n1
423,CCCCn1cccc1C(C)=O,CCCCn1cccc1C(C)O
424,CCCCn1cccc1C(=O)CC,CCCCn1cccc1C(O)CC
425,Cn1nccc1NC(=S)S,Cn1nccc1N=C=S
426,Cc1cccc(NC=O)c1CO,CNc1cccc(C)c1CO
429,C=Cc1ccc(C2CO2)cc1,C=Cc1ccc(C=C)cc1
430,CC1=NCCc2sccc21,Cc1nccc2sccc12
431,CCCC(C=O)CCC#N,CCCC(CO)CCC#N
432,CC(C)(C=O)CCC#N,CC(C)(CO)CCC#N
433,N#Cc1cccc(C=CCO)c1,N#Cc1cccc(CCCO)c1
435,N#Cc1cnn2cccnc12,N#Cc1cnn2c1NCCC2
436,CCC1CC(=O)CCN1CC,CCC1CC(O)CCN1CC
437,O=Cc1cccc(C=O)c1,O=Cc1cccc(CO)c1
438,COC(=O)C1CN(C)C=N1,COC(=O)c1cn(C)cn1
439,CCCCCCC#CCC(=O)O,CCCCCCC=CCC(=O)O
440,CNc1ncccc1C#N,CNc1ncccc1CN
441,c1ccc2c(c1)CCNC2,C1=NCCc2ccccc21
442,c1ccc2c(c1)CCNC2,C1=NCCc2ccccc21
443,Cc1nc2ccccc2o1,c1ccc2ocnc2c1
444,C[n+]1cccc(C#N)c1,CN1CCC=C(C#N)C1
445,OC1CCOc2ccccc21,C1=Cc2ccccc2OC1
446,COC(=O)c1cnc(N)s1,COC(=O)c1cncs1
447,CCCOC(=O)C(C)=O,CCCOC(=O)C(C)O
448,CCOC(=O)CC(C)=O,CCOC(=O)CC(C)O
449,Cc1cccc(C)c1C#N,Cc1cccc(C)c1CN
450,N#CCCc1cccs1,NCCCc1cccs1
451,CC(=O)c1ccccc1,CC(O)c1ccccc1
452,CCC1N=C(O)c2cscc2N1,CCC1N=C(O)c2ccsc2N1
453,C=CC(=O)OCCN(C)C,COc1ccc(O)cc1
454,CCC1=C(OC)C(=O)CC1,CCC1=C(O)C(=O)CC1
455,Cc1cc2ccccc2cc1C=O,Cc1cc2ccccc2cc1CO
456,N#CC12CCCN1CCC2,NCC12CCCN1CCC2
457,CCOC(=O)c1cc(CO)ccn1,CCOC(=O)C1CC(CO)CCN1
458,Cc1cc2cc(C)c1o2,Cc1cccc(C)c1O
459,O=C1CCCCCCCN1,C1CCCCNCCC1
460,Cc1nccn1CCc1ccncc1,Cc1nccn1CCC1CCNCC1
461,Cn1ccnc1C=O.NO,Cn1ccnc1C=NO
462,C=Cc1ccc(OC(C)=O)cc1,C=Cc1ccc(O)cc1
463,C=C(C)C(=O)N=C=O.N,C=C(C)C(=O)NC(N)=O
464,OC1Cc2ccccc2C1,OC1CC2CCCCC2C1
465,Cc1ccc(C)c2c1CCC2=O,Cc1ccc(C)c2c1CCC2
466,C=CCC(C=O)CCC,CCCC(C=O)CCC
467,Nc1ccc(CCO)cc1,OCCc1ccccc1
468,CN(CCC#N)CCC#N,N#CCCNCCC#N
469,Cc1c(O)ccc2occc12,Cc1c(O)ccc2c1CCO2
470,O=Cc1ccccc1C1=CCCCC1,O=Cc1ccccc1C1CCCCC1
471,N#Cc1ccc(C#N)cc1,NCc1ccc(CN)cc1
472,O=C1CCc2ccccc21,C1=Cc2ccccc2C1
474,CCCC[Sn](=O)CCCC,CCCC[Sn]CCCC
475,OCCC#Cc1ncccn1,OCCCCc1ncccn1
476,OCC#Cc1nccs1,OCCCc1nccs1
477,CCCC(C)(C#N)C(=O)OCC,CCCC(C)(C#N)C(=O)O
478,CCCC(C)(C#N)C(=O)OCC,CCCC(C)(C#N)CO
479,CC(C)(C)N(CCO)N=O,CC(C)(C)N(N)CCO
480,Cc1nn(CCO)c(N)c1N=O,Cc1nn(CCO)c(N)c1N
481,CC(C)C(=O)c1ccccc1,CC(C)C(O)c1ccccc1
482,CSc1ccnc2ccnn12,c1cnc2ccnn2c1
483,C=CCOc1ccccc1/C=C/C,C=CCOc1ccccc1C=CC
485,Cc1ccc(C(=O)O)cc1O,Cc1ccc(C=O)cc1O
486,CCCCCOCCCCCOCCCCC#N,CCCCCOCCCCCOCCCCCN
487,O=C(O)CCSc1cccs1,O=C1CCSc2sccc21
488,Cc1c(O)ccc(C=O)c1O,Cc1ccc(O)c(C)c1O
489,CC(C)COC(=O)/C=C/C=O,CC(C)COC(=O)CCC=O
490,c1ccc(Cc2cnccn2)cc1,c1ccc(CC2CNCCN2)cc1
491,CCCCCCCCCCCCCCCCCCO,CCCCCCCCCCCCCCCCCO
492,CCC(C)CCCC(C)C(=O)O,CCC(C)CCCC(C)CO
493,COC1=C(C)C(=O)OC1=O,COC1=C(C)C(=O)OC1O
494,CCCCCCCCCC(=O)O,C=CCCCCCCC
495,CCCCCCCCCC(=O)O,C=CCCCCCCC
496,CCCCCCCCCC(=O)O,C=CCCCCCCC
497,CCC=C1CCCC1=O,CCCC1CCCC1=O
498,COC(=O)CC(OC)OC,COC(CC(=O)O)OC
499,CCCNC(=O)c1ccccc1N,CCCNC(=O)c1ccccc1
500,Cc1cccc(C(=O)O)c1,CC1CCCC(C(=O)O)C1
501,CC1CCCC(C(=O)O)C1,CC1CCCC(CO)C1
502,Cc1cccnc1CN1CCCC1,CC1CCCNC1CN1CCCC1
503,Cc1ccnc(C#N)c1,Cc1ccnc(CN)c1
504,CC(=O)c1ccccc1N,CC(O)c1ccccc1N
505,CC#Cc1ccccc1,C#CCc1ccccc1
506,O=C(O)CCSc1cccs1,O=C1CCSc2sccc21
507,CCCC/C=C\CCCCCCCCCCO,CCCCC#CCCCCCCCCCCO
509,OC1CCc2ccccc2O1,C1=Cc2ccccc2OC1
510,CC(C)(C)C1CCC(=O)CC1,CC(C)(C)C1CCC(O)CC1
511,CCCC=CCC(O)C(=O)OC,CCCC=CCC(O)C(=O)O
512,C#CCCOCCC(=O)O,C#CCOCCC(=O)O
513,C#CCCSCC(=O)OC,C#CCCSCC(=O)O
514,C#CCC/C=C/C(=O)OCC,C#CCC/C=C/C(=O)O
515,CCCCCCCCC(C)=O,CCCCCCCCC(C)O
516,C#CCSc1ccccc1C(=O)O,C#CCSc1ccccc1CO
517,OCCCCCc1ccccc1,OCCCCCC1CCCCC1
518,OCCCC#Cc1ccccn1,OCCCCCc1ccccn1
519,OCC#Cc1ccccn1,OCCCc1ccccn1
520,OCCCCCc1ccccc1,OCCCCCC1CCCCC1
521,O=Cc1cccc(C=O)c1,O=Cc1cccc(CO)c1
522,c1cnc2c(c1)SCC2,c1cnc2ccsc2c1
523,O=C(O)C=Cc1cccnc1,O=C(O)CCc1cccnc1
524,CC(C)C(=O)c1ccccc1,CC(C)C(O)c1ccccc1
525,CC(=O)c1ccccc1,CC(O)c1ccccc1
526,CC(C)(C)c1ccc(O)cc1,CC(C)(C)C1CCC(O)CC1
528,Cc1cc(C=O)ccc1C=O,Cc1cc(CO)ccc1CO
529,CN(C)N=Cc1cccnc1,CN(C)NCc1cccnc1
530,O=C1CCc2ccccc21,OC1CCc2ccccc21
531,N#Cc1cccc2c1CCC2=O,N#Cc1cccc2c1CCC2O
532,N#Cc1ccc2c(c1)CCC2=O,N#Cc1ccc2c(c1)CCC2O
533,CC#Cc1ccccc1,CC=Cc1ccccc1
534,CCOC(=O)CC(C)=O,CC(=O)C1CCOC1=O
535,CC(C)(C)C1=NCC(O)CN1,CC(C)(C)C1=NCC(CN)O1
536,Cc1ccc(N)c(C(=O)O)c1,Cc1ccc(N)c(CO)c1
537,Cc1ccccc1OCC(=O)O,Cc1ccccc1OCCO
538,CC(Oc1ccccc1)C(=O)O,CC(CO)Oc1ccccc1
539,O=C(O)c1cccnc1C(=O)O,O=C(O)C1CCCNC1C(=O)O
540,CC(C)=CCCc1ccsc1,CC(C)CCCc1ccsc1
541,CC(C)(C)C1CCC(=O)CC1,CC(C)(C)C1CCC(O)CC1
542,CCCCCCCCCC(=O)OC,CCCCCCCCCCO
543,CCCCCCCCCC(=O)OC,CCCCCCCCCCO
544,CCCCCCCCCC(=O)OC,CCCCCCCCCCO
545,CCCCCCCCCC(=O)OC,CCCCCCCCCCO
546,CC(=O)C1SCC(C)C1=O,CC(=O)c1scc(C)c1O
547,CC(=O)N1CCC(=O)CC1,CC(=O)N1CCC(O)CC1
548,N#Cc1ccc(CCO)nc1,C=Cc1ccc(C#N)cn1
549,O=C1CC2CCCC2O1,OC1CC2CCCC2O1
550,CCOC(=O)C1CCCC1=O,CCOC(=O)C1CCCC1O
551,COC(CC=CC=O)OC,COC(CC=CCO)OC
552,CC(=O)c1ccccc1,CC(O)c1ccccc1
553,CCCCCCC(C)=O,CCCCCCC(C)O
554,CC(=O)CCc1ccccc1,CC(O)CCc1ccccc1
555,CC(=O)CCc1ccccc1,CC(O)CCc1ccccc1
556,CC(=O)CCc1ccccc1,CC(O)CCc1ccccc1
557,Cc1cc(=O)cc(C)o1,CC1CC(=O)CC(C)O1
558,CC(=O)c1ccccc1,CC(O)c1ccccc1
559,CC(C)CCCC1(C)CO1,CC(=CCCC(C)C)CO
560,CCCN(CC)C(=O)C(=O)OC,CCCN(CC)C(=O)C(=O)O
561,CCCCCC(=O)CCCCC,CCCCCC(O)CCCCC
562,CCOC(=O)Cc1ccncc1,CCOC(=O)CC1CCNCC1
563,CC(C)=CCC/C(C)=C/CO,CC(C)CCCC(C)CCO
564,CCOc1ccc(C=O)cc1,CCOc1ccc(CO)cc1
565,CN(C)c1ccc(C=O)cc1,CN(C)c1ccc(CO)cc1
566,O=C(O)c1nccc2ccccc12,O=C(O)C1NCCc2ccccc21
567,CCCCOC(C)C(=O)OC,CCCCOC(C)C(=O)O
569,Nc1ccc(C(=O)O)cc1,O=C1NC2CCC1CC2
570,CC1(O)CCc2ccccc21,CC1=CCc2ccccc21
571,C=CCO.O=CCCCO,C=CCOC1CCCO1
572,C=CCO.O=CCCCO,C=CCOC1CCCO1
573,C1=CCCC=CCCC=CCC1,C1=CC=CCCCCCCC=C1
574,CCCC[Sn](=O)CCCC,CCCC[Sn]CCCC
575,CCCC[Sn](=O)CCCC,CCCC[Sn]CCCC
576,CCCC(C(N)=O)C(=O)OCC,CCCC(C(N)=O)C(=O)O
577,CNc1ccncc1[N+](=O)[O-],CNc1ccncc1N
578,CC1=CCC=CC1C(=O)O,Cc1ccccc1C(=O)O
579,O=C(O)C1CC2C=CC1C2,O=C(O)C1CC2CCC1C2
580,O=C(O)C1CC2C=CC1C2,O=C(O)C1CC2CCC1C2
581,C=C(C)/C=C/CC(=O)OCC,C=C(C)/C=C/CC(=O)O
583,CCOC(=O)CC(C)=O,CCOC(=O)CC(C)O
584,CC(C)COP(C)(=O)CCC#N,CC(C)COP(C)(=O)CCCN
585,CC(=O)c1ccccc1,CC(O)c1ccccc1
586,CCOc1cc(C(=O)OC)on1,CCOc1cc(C(=O)O)on1
587,CO.O=C1CCCCO1,COC(=O)CCCCO
588,CC1(O)CCCc2ccccc21,CC1=CCCc2ccccc21
589,CCc1cccc(NC)c1,CCc1cccc(N)c1
590,Cc1cc(C)cc(N)c1,CC1CC(C)CC(N)C1
591,O=CCCc1ccccc1O,OCCCc1ccccc1O
592,Cc1ccc(O)c(NC=O)c1,CNc1cc(C)ccc1O
593,CC(=O)CCc1ccccc1,CC(O)CCc1ccccc1
594,COc1ccccc1C=O,COc1ccccc1CO
596,O=C1C=Cc2ccccc21,OC1C=Cc2ccccc21
597,O=P(O)(O)c1ccccc1,O=P(O)(O)C1CCCCC1
598,OCCc1cnccn1,OCCC1CNCCN1
599,C=Cc1ccc(O)cc1,C#Cc1ccc(O)cc1
600,O=Cc1cccc(C=O)c1,O=Cc1cccc(CO)c1
601,C#CC(C)(O)C(C)(C)CC,C=CC(C)(O)C(C)(C)CC
602,C#CC(C)(O)C(C)(C)CC,C=CC(C)(O)C(C)(C)CC
603,C=CC(C)(O)C(C)(C)CC,C=CC(=C)C(C)(C)CC
604,Cc1ccc(C(=O)O)c(C)c1,Cc1ccc(CO)c(C)c1
605,N#Cc1cccc(C#N)c1,NCc1cccc(CN)c1
606,CC(C)c1ccccc1C(C)C,CC(C)c1ccccc1
609,O=C(O)C=Cc1cccs1,O=C(O)CCc1cccs1
610,c1ccc(Nc2ccccc2)cc1,c1ccc(NC2CCCCC2)cc1
611,C=CCc1ccc(OC)c(OC)c1,CC=Cc1ccc(OC)c(OC)c1
612,COC(=O)C1(C)CCCC1=O,COC(=O)C1(C)CCCC1O
613,OCCCCCCCCCCO,CCCCCCCCCCO
614,Nc1cc2ccccc2cc1N,c1ccc2ccccc2c1
615,O=C(c1ccco1)N1CCNCC1,O=C(C1CCCO1)N1CCNCC1
616,Cc1cccc(C(=O)O)c1O,Cc1cccc(CO)c1O
617,N#Cc1ccc(C=O)o1,N#Cc1ccc(CO)o1
618,Oc1ncnc2ccccc12,c1ccc2ncncc2c1
619,CCCCCCCNC(C)=O,CCCCCCCNCC
620,OC1CCc2ccccc21,C1=Cc2ccccc2C1
621,CC(=O)OCC=C(C)COC=O,CC(=O)OCC=C(C)CO
622,O=C(O)C=Cc1ccc(O)cc1,O=C(O)C=Cc1ccccc1
623,O=C(O)C=Cc1ccc(O)cc1,O=C(O)C=Cc1ccccc1
624,O=C(O)C=Cc1ccc(O)cc1,O=C(O)C=Cc1ccccc1
625,O=C(O)C=Cc1ccc(O)cc1,O=C(O)C=Cc1ccccc1
626,O=C(O)C=Cc1ccc(O)cc1,O=C(O)C=Cc1ccccc1
627,O=C(O)C=Cc1ccc(O)cc1,O=C(O)C=Cc1ccccc1
628,O=C(O)C=Cc1ccc(O)cc1,O=C(O)C=Cc1ccccc1
629,Cc1ccc(N)c(C(=O)O)c1,CC1CCC(N)C(C(=O)O)C1
630,CC(C)c1ccccc1C(C)C,CC(C)c1ccccc1
631,O=Cc1cccc(C=O)c1,O=Cc1cccc(CO)c1
632,N#CCCCc1ccncc1,NCCCCc1ccncc1
633,CC1=CCCc2ccccc21,CC1CCCc2ccccc21
634,C=C1CC(=C)C1.C=C=C,C=C1CCC(=C)C(=C)C1
635,COC(=O)c1ccc(C=O)o1,COC(=O)c1ccc(CO)o1
636,CCCCCCCCCO,C=CCCCCCCC
637,Sc1nc2ccccc2s1,c1ccc2scnc2c1
638,Nc1ccccc1C(=O)C1CC1,Nc1ccccc1C(O)C1CC1
639,C=CCc1ccccc1OC,CC=Cc1ccccc1OC
640,O=C1NC(c2ccccc2)C1O,O=C1NC(C2CCCCC2)C1O
641,CN1CCC(CCO)C1=O,CN1CCC(CCO)C1
642,CCOC(=O)c1cnc(N)s1,CCOC(=O)c1cncs1
643,CC1=CCC=CC1C(=O)O,Cc1ccccc1C(=O)O
644,Cc1cc(C)cc(N=C=O)c1,Cc1cc(C)cc(N)c1
645,CCOC(=O)c1cnn(C)c1N,CCOC(=O)c1cnn(C)c1
646,Nc1cccc2cccnc12,Nc1cccc2c1NCCC2
648,C#CCO.C1=COCCC1,C#CCOC1CCCCO1
649,O=C(O)C(O)C(O)C(=O)O,O=C1OC(=O)C(O)C1O
650,CCCCC(CC)C(=O)[O-],CCCCC(CC)C(=O)O
651,C#Cc1ncccc1C(=O)OCC,C=Cc1ncccc1C(=O)OCC
652,CCCCC(=O)CC.NO,CCCCC(CC)=NO
653,C=CCOCC1CNCCO1,CC=COCC1CNCCO1
654,CC(=O)c1ccc(O)cc1,OCc1ccc(O)cc1
656,COc1cc(C#N)ccn1,COc1cc(CN)ccn1
657,N#Cc1ccnc(N)c1,NCc1ccnc(N)c1
658,CCCCCC/C=C/C(=O)OCC,CCCCCC/C=C/C(=O)O
659,CN1CCC(N)(C#N)CC1,CN1CCC(N)(CN)CC1
660,CN1CCC(N)(C(=O)O)CC1,CN1CCC(N)(CO)CC1
661,COc1cccc(CCC(=O)O)c1,COc1cccc(CCCO)c1
663,CC(C)Oc1cccc(C=O)c1,CC(C)Oc1cccc(CO)c1
664,N#CCCCCCCCCCCC#N,NCCCCCCCCCCCCN
665,CN(C)c1ccncc1C=O,CN(C)c1ccncc1CO
667,CC=Cc1cccc(O)c1,CCCc1cccc(O)c1
668,CCc1cc(O)cc(C)c1N=O,CCc1cc(O)cc(C)c1N
669,c1ccc2c(c1)CCNC2,C1=NCCc2ccccc21
670,CN(C)c1ccc(N)cc1,CN(C)C1CCC(N)CC1
671,COc1ccc(O)c(C=O)c1,COc1ccc(O)c(CO)c1
672,Nc1cccc2cccnc12,Nc1cccc2c1NCCC2
673,O=CNCCN1CCCNCC1,CNCCN1CCCNCC1
674,COCCCCCCC(=O)O,COCCCCCCCO
675,COCCCCCCCCCCCC(=O)O,COCCCCCCCCCCCCO
676,COc1ccc(C=O)cc1O,COc1ccc(C=O)cc1
677,CSc1ccc(C=O)cc1,CSc1ccc(CO)cc1
678,Cc1cccc2sc(N)nc12,Cc1cccc2scnc12
679,ON=C1CCCCCCC1,ONC1CCCCCCC1
680,Cc1cncc(C(N)=O)c1,Cc1cncc(C#N)c1
681,Cc1ncccc1C(N)=O,Cc1ncccc1C#N
682,CCCCC#CCCO,C#CCCCCCCO
683,CCCCC#CCCO,C#CCCCCCCO
684,C=CCCCCCC=CC,C=CCCCCCC=C
685,C=CC(C)(C)CC(=O)OC,C=CC(C)(C)CC(=O)O
686,ON=Cc1ccccc1O,N#Cc1ccccc1O
687,CCCC(O)CC(=O)OCC,CCCC(O)CC(=O)O
688,OCCCCOCCc1ccccc1,C=CCCOCCc1ccccc1
689,NC(Cc1ccccc1)C(=O)O,NC(CC1CCCCC1)C(=O)O
690,CC=NC1CCCCCC1,CCNC1CCCCCC1
691,O=Cc1ccc(C=O)cc1,O=Cc1ccc(CO)cc1
692,Cc1ccc(S(=O)[O-])cc1,Cc1ccc(S(=O)O)cc1
693,CCCCC(N)(CC)C(=O)OCC,CCCCC(N)(CC)CO
694,CCCCC(N)(CC)CO,CCCCC1(CC)CN1
695,Nc1ncccc1C(=O)O,Nc1ncccc1CO
696,O=Cc1cccc2ccccc12,c1ccc2ccccc2c1
697,C#Cc1ncccc1C(=O)OCC,C=Cc1ncccc1C(=O)OCC
698,O=C(O)Cc1cccnc1,O=C(O)CC1CCCNC1
699,Nc1nc2c(N)cccc2s1,Nc1cccc(S)c1N
700,CCCCCCCCC=NOC,CCCCCCCCCN
701,N#Cc1cccc(O)c1C#N,N#Cc1ccccc1C#N
702,N#Cc1ccc(O)cc1C#N,N#Cc1ccccc1C#N
703,N#Cc1cccc(O)c1C#N,N#Cc1ccccc1C#N
704,N#Cc1cccc(O)c1C#N,N#Cc1ccccc1C#N
705,O=C1CN2CCCN1CC2,C1CN2CCN(C1)CC2
706,CC1=NCCc2ccccc21,CC1NCCc2ccccc21
707,c1ccc2c(c1)CCNC2,C1=NCCc2ccccc21
708,Cc1cc2ccccc2cn1,CC1Cc2ccccc2CN1
709,CCCC(=O)c1ccccc1,CCCC(O)c1ccccc1
710,CC(=O)c1cnccn1,CC(O)c1cnccn1
711,N#Cc1ccccc1C=O,NCc1ccccc1CO
712,COc1ccc(OC(C)=O)cn1,COc1ccc(O)cn1
713,O=C(O)CCCCC(=O)O,O=C1CCCCC(=O)O1
714,O=C(O)c1cccc(O)n1,O=C(O)c1ccccn1
715,N#Cc1ccc(C=O)s1,N#Cc1ccc(CO)s1
716,C=CCCCCCC.O=O,CCCCCCC(C)=O
717,OCCCc1ccncc1,OCCCC1CCNCC1
718,CCOC(=O)C1CCCC1=O,CCOC(=O)CC(C)=O
719,OC1CCOc2ccccc21,C1=Cc2ccccc2OC1
720,Nc1cnc2ccccc2c1,NC1CNc2ccccc2C1
721,CC=CCC(N)(CC)CO,CC=CCC1(CC)CN1
722,O=C(O)c1ccc2ccccc2c1,O=C(O)C1CCc2ccccc2C1
723,CCc1ncccc1C(=O)[O-],CCc1ncccc1CO
724,O=[N+]([O-])C=Cc1ccccc1,O=[N+]([O-])CCc1ccccc1
726,COCCCCCCCCCCCC(N)=O,COCCCCCCCCCCCC#N
727,Oc1cc2ccccc2cc1O,c1ccc2ccccc2c1
728,CC1NC=Cc2ccsc21,CC1NCCc2ccsc21
729,O=C1CCCc2ncccc21,OC1CCCc2ncccc21
730,N.O=C(O)/C=C\C(=O)O,NC(CC(=O)O)C(=O)O
731,O=CC=Cc1ccncc1,O=CCCC1CCNCC1
732,Cc1nccc2ccccc12,Cc1nccc2c1CCCC2
734,COCCCCC(=O)OC,COCCCCC(=O)O
735,CSCCC(N)C(=O)[O-],CSCCC(N)C(=O)O
736,CCCCC(C)C(=O)OC,CCCCC(C)C(=O)O
737,O=C(O)c1nccc2ccccc12,O=C(O)C1NCCc2ccccc21
738,O=C(c1ccco1)N1CCNCC1,O=C(C1CCCO1)N1CCNCC1
739,OCCC#Cc1ccncc1,OCCCCc1ccncc1
740,C1CCC2CCCCC2C1,c1ccc2ccccc2c1
741,CC(C)(C)C(C)(C)O.OO,CC(C)(C)C(C)(C)OO
742,Cc1cn(N)c(=O)n1C,CC1CN(N)C(=O)N1C
743,CCOC(=O)Cc1ccc(O)cc1,CCOC(=O)CC1CCC(O)CC1
744,O=CC=Cc1ccccc1,O=CCCc1ccccc1
745,NCC1CCC(CN)CC1,NCc1ccc(CN)cc1
746,COC(=O)CC(O)C(=O)OC,COC(=O)CC(O)CO
747,C=C(C#N)CCC(=O)[O-],C=C(C#N)CCC(=O)O
748,N#CCCCCC(=O)[O-],N#CCCCCC(=O)O
749,CCOC(=O)C(C)=CC(C)C,CCOC(=O)C(C)C=C(C)C
750,NC1(C(=O)O)CCCCC1,NC1(CO)CCCCC1
751,CSc1ccccc1C#N,CSc1ccccc1CN
752,NCc1ccc(C(=O)O)cc1,NCc1ccc(CO)cc1
753,CC(=O)c1ccccc1,CC(O)c1ccccc1
754,COC(=O)c1sccc1C(C)=O,COC(=O)c1sccc1C(C)O
755,CCc1ccsc1C(=O)OC,CCc1ccsc1C(=O)O
756,CC1CC(=O)NC1CCCO,C=CCC1NC(=O)CC1C
757,CC(C(=O)O)C(C)C(=O)O,CC1C(=O)OC(=O)C1C
758,COC(=O)c1cccc2ccoc12,COC(=O)c1cccc2c1OCC2
759,CCC(C#N)CC(=O)[O-],CCC(C#N)CC(=O)O
760,N#Cc1ccc(C=O)cc1,N#Cc1ccc(CO)cc1
761,N#CCC1C=CC=CO1,NCCC1C=CC=CO1
762,CC(C)(C#N)c1ccccn1,CC(C)(CN)c1ccccn1
763,NC(CC(=O)[O-])C(=O)[O-],NC(CC(=O)O)C(=O)O
764,N#CCCCC1OCCO1,NCCCCC1OCCO1
765,CC(C)(C)c1ccc(O)cc1,CC(C)(C)C1CCC(O)CC1
766,C=C1C(=O)OC(C)(C)C1C,C=C1C(=O)OC(C)C1C
767,C=CCc1ccc(OC)cc1,C=CCc1ccc(O)cc1
768,C=Cc1ccc(O)cc1,C#Cc1ccc(O)cc1
769,CCOC(=O)CC(C)=O,CCOC(=O)CC(C)O
770,CCCC[C@](N)(CC)C(=O)O,CCCC[C@](N)(CC)CO
771,C=CCc1ccc(OC)cc1,C=CCc1ccc(O)cc1
772,O=C(O)c1ccccc1C(=O)O,O=C(O)c1ccccc1
773,COc1ccc(C=O)c(O)c1,COc1ccc(C)c(O)c1
774,O=CNCCc1cccs1,CNCCc1cccs1
775,C=C(CC)c1ccccc1,CCC(C)c1ccccc1
776,C=CC(O)(CCCC)CCCC,C=CC(=CCCC)CCCC
777,C=CC1(O)CCCCCCC1,C=CC1=CCCCCCC1
778,O=C(O)C1(CO)CCOCC1,O=C1OCC12CCOCC2
779,O=C(O)C1(CO)CCOCC1,O=C1OCC12CCOCC2
780,C=Cc1ccc(O)cc1,C#Cc1ccc(O)cc1
781,COC(=O)CCCCCC(=O)OC,COC(=O)CCCCCC(=O)O
782,Cc1cccc(CC#CO)n1,Cc1cccc(CCCO)n1
783,C#CC(C)(O)CCCC(C)C,C=CC(C)(O)CCCC(C)C
784,C=Cc1ccccc1O,CCc1ccccc1O
785,C=Cc1ccc(OC(C)=O)cc1,C=Cc1ccc(O)cc1
786,Cc1ccc(O)c(C(=O)O)c1,Cc1ccc(O)c(CO)c1
788,COC1CCC(C(=O)O)CC1,COC1CCC(CO)CC1
789,Cc1ccnc2ccccc12,Cc1ccnc2c1CCCC2
791,Cc1ccc(S(=O)[O-])cc1,Cc1ccc(S(=O)O)cc1
792,Cc1cc(=O)cc(C)o1,CC1CC(O)CC(C)O1
793,CC(NCCO)c1ccccc1,CC1NCCc2ccccc21
795,O=C(O)C1CCC=CO1,O=C(O)C1CCCCO1
796,COCc1ccc(C(=O)O)o1,COCC1CCC(C(=O)O)O1
797,Cc1ccc(C(=O)O)o1,CC1CCC(C(=O)O)O1
798,Cc1ccoc1C(=O)O,CC1CCOC1C(=O)O
799,C=Cc1ccc(OC(C)=O)cc1,C#Cc1ccc(O)cc1
800,O=C(O)c1cccc2ncccc12,O=C(O)c1cccc2c1CCCN2
801,C=C(CC(C)C)C(=O)OCC,C=C(CC(C)C)C(=O)O
802,Nc1ccc(CCO)cc1,C=Cc1ccc(N)cc1
803,Cc1cccc2c(C)cccc12,Cc1cccc2c1CCCC2C
804,NCCc1ccc(O)cc1,NCCC1CCC(O)CC1
805,N#CCc1cccnc1,NCCc1cccnc1
806,C#CC(N)CC(=O)OCC,C=CC(N)CC(=O)OCC
807,CCC=CCCCCCCCC,CCCCCCCCCCCC
808,COc1ccc(CCCN)cc1,COC1CCC(CCCN)CC1
809,CCOC1(OCC)CCCCC1,CCOC1=CCCCC1
810,COC(=O)C1=CCCN(C)C1,COC(=O)C1=CCCNC1
811,O=CCCCC1CCCC1,OCCCCC1CCCC1
812,O=Cc1cccc2c1OCC2,O=Cc1cccc2ccoc12
813,OCCCCCCCCCCO,CCCCCCCCCCO
814,CC(=O)c1cccc(N)c1O,CC(=O)c1ccccc1
815,CCC1=CC(CC)COC1O,CCC(CO)CC(CC)CO
816,O=C1CN2CCC1CC2,OC1CN2CCC1CC2
817,O=C1CN2CCC1CC2,OC1CN2CCC1CC2
818,CC1(C)CC(=O)CC(=O)C1,CC1(C)CC(O)CC(O)C1
819,CCOC(=O)Cc1ccncc1,CCOC(=O)CC1CCNCC1
820,CC(=O)c1ccccc1,CC(O)c1ccccc1
821,CC(=O)c1ccccc1,CC(O)c1ccccc1
822,CCCOCCCC(C)=O,CCCOCCCC(C)O
823,COc1cccc2c1C(=O)C2,COc1cccc2c1C(O)C2
824,N#CCC1(CC#N)CC1,N#CCC1(CCN)CC1
825,Nc1cccc2cnccc12,Nc1cccc2c1CCNC2
826,CC(C)(C)c1ccccc1O,CC(C)(C)C1CCCCC1O
827,O=CNNc1ccccc1,CNNc1ccccc1
828,N#Cc1csc(C=NO)c1,N#Cc1csc(CN)c1
829,N#Cc1ccc(C=O)o1,N#Cc1ccc(CO)o1
830,Cc1ccccc1[N+](=O)[O-],Cc1ccccc1NO
831,COc1ccccc1OC(C)C#N,COc1ccccc1OC(C)CN
832,c1ccc(Oc2ccncc2)cc1,c1ccc(OC2CCNCC2)cc1
833,C#CC(C)(O)CCC=C(C)C,C=CC(C)(O)CCC=C(C)C
834,O=[N+]([O-])c1ccc(O)cc1,O=[N+]([O-])c1ccccc1
835,CC(=O)c1ccccc1,CC(O)c1ccccc1
836,CC(=O)c1ccccc1,CC(O)c1ccccc1
837,CC#CC1=CCCCC1,C#CC=C1CCCCC1
838,CCCCNC(=O)CCCO,CCCCNCCCCO
839,COc1ccc(C=O)c(OC)n1,COc1ccc(C=O)c(O)n1
840,COc1cccc2cnccc12,COc1cccc2c1CCNC2
841,OCCCCCCCCCCO,CCCCCCCCCCO
842,CC(CCO)CCc1ccccc1,CC(CCO)CCC1CCCCC1
843,COc1ccc(C)c(OC)c1,Cc1ccc(O)cc1O
844,CC(CO)Cc1ccccc1,CC(CO)CC1CCCCC1
845,Cc1ccc(C)c(OC=O)c1,Cc1ccc(C)c(O)c1
846,CCOC(=O)C(C)C(=O)OCC,CCOC(=O)C(C)C(=O)O
847,C=Cc1ccc(OC(C)=O)cc1,C#Cc1ccc(O)cc1
848,Cc1ccc(C)c2c1CCC2=O,Cc1ccc(C)c2c1C=CC2
849,Cc1ccc2cccc(O)c2n1,CC1CCc2cccc(O)c2N1
850,COc1ccc(C)c(C=O)c1,Cc1ccc(O)cc1C=O
852,O=C(O)C=Cc1cccs1,O=C(O)CCc1cccs1
853,CCOC(=O)CC1=CCOCC1,CCOC(=O)CC1CCOCC1
855,COc1cccc2ccoc12,Oc1cccc2ccoc12
856,COc1ccccc1NC=O,CNc1ccccc1OC
857,O=C1COc2ccccc2N1,c1ccc2c(c1)NCCO2
858,C#CCN(C)C.O=C=O,CN(C)CC#CC(=O)O
859,Cc1ccccc1[N+](=O)[O-],Cc1ccccc1NO
860,Cc1ccccc1[N+](=O)[O-],Cc1ccccc1NO
861,C=Cc1ccc(O)cc1,C#Cc1ccc(O)cc1
862,C=Cc1ccc(O)cc1,C#Cc1ccc(O)cc1
863,C=Cc1ccc(O)cc1,C#Cc1ccc(O)cc1
864,C=Cc1ccc(O)cc1,C#Cc1ccc(O)cc1
865,C=Cc1ccc(O)cc1,C#Cc1ccc(O)cc1
866,C=Cc1ccc(O)cc1,C#Cc1ccc(O)cc1
867,C=Cc1ccc(O)cc1,C#Cc1ccc(O)cc1
868,C=Cc1ccc(O)cc1,C#Cc1ccc(O)cc1
869,OCCc1ccccn1,OCCC1CCCCN1
870,OCCc1ccccn1,OCCC1CCCCN1
871,OCCc1ccccn1,OCCC1CCCCN1
872,N#Cc1cccc(C#N)c1,N#Cc1cccc(CN)c1
873,N#Cc1ccc(C#N)cc1,N#Cc1ccc(CN)cc1
874,CCC(=O)NC1CCOC1,CCCNC1CCOC1
875,NC(=O)c1ccc(N)nc1,NCc1ccc(N)nc1
876,CCCCc1ccc(C#N)cc1,CCCCc1ccc(CN)cc1
877,Cc1cnnc2ccccc12,CC(CN)c1ccccc1N
878,N#Cc1ncccc1N=[N+]=[N-],N#Cc1ncccc1N
879,COC(=O)c1cccc2c1OCC2,COC(=O)c1cccc2ccoc12
880,CCc1c(C)cccc1C(=O)OC,CCc1c(C)cccc1C(=O)O
881,O=S(=O)([O-])c1ccccc1,O=S(=O)(O)c1ccccc1
882,CCCCCCCCCCCCCCCCCC#N,CCCCCCCCCCCCCCCCCCN
883,C=Cc1ncn2ccsc12,CCc1ncn2ccsc12
884,NCCc1ccccc1,NCCC1CCCCC1
885,Cc1cccc(C(C)C)c1C=O,Cc1cccc(C(C)C)c1CO
886,C=Cc1ccc(C(=O)OC)cc1,C=Cc1ccc(C(=O)O)cc1
889,O=C(O)CCCCC(=O)O,O=C1CCCCC(=O)O1
890,CCCC(C)(C)CC(=O)OCC,CCCC(C)(C)CC(=O)O
892,Nc1cccc(C(=O)O)c1,NC1CCCC(C(=O)O)C1
893,Cc1c(O)cccc1C(=O)O,Cc1c(O)cccc1CO
894,Oc1cccc2occc12,Oc1cccc2c1CCO2
895,CC(C)(C#N)c1ccccc1,CC(C)(CN)c1ccccc1
896,CCCCOC(=O)NC(N)=O,CCCCOC(=O)OCCCC
897,OCCCc1ccccn1,OCCCC1CCCCN1
898,OCc1cnc2ccccc2c1,OCC1CNc2ccccc2C1
899,O=Cc1cncc2ccccc12,OCc1cncc2ccccc12
900,CCOC(=O)C(C)C(C)=O,CCOC(=O)C(C)C(C)O
901,CC(=O)c1ccccc1,CC(O)c1ccccc1
902,CC1(C)C=CC(=O)CC1,CC1(C)CCC(=O)CC1
903,N#Cc1ccc(C=O)cc1,N#Cc1ccc(CO)cc1
904,CCOC(=O)/C=C/CC(C)C,CCOC(=O)CCCC(C)C
905,CCSc1ccccc1C(=O)OC,CCSc1ccccc1CO
906,CN(C)C(=N)N=C(N)N,CN(C)C(=N)NC(=N)N
907,CC(=O)CCC=C1CCCC1,CC(=O)CCCC1=CCCC1
908,CC(=O)CCCC1CCCC1,CC(O)CCCC1CCCC1
909,COc1ccc2c(c1O)CCC2=O,COc1ccc2c(c1O)CCC2
910,c1ccc(OCc2ccccn2)cc1,c1ccc(OCC2CCCCN2)cc1
911,Cc1ncc(C=CC=O)cn1,Cc1ncc(C=CCO)cn1
912,COc1cc(O)ccc1C=O,COc1ccccc1C=O
913,COc1cc(O)ccc1C=O,COc1ccccc1C=O
914,COc1cc(O)ccc1C=O,COc1ccccc1C=O
915,CCC1(O)CC2CCC1C2,CC=C1CC2CCC1C2
916,Cc1ccccc1S(=O)[O-],Cc1ccccc1S(=O)O
917,N#CCCCc1ccncc1,NCCCCc1ccncc1
918,N#Cc1cccc(N)c1,NCc1cccc(N)c1
919,O=C(O)CC1CCCCC1=O,O=C1CC2CCCCC2O1
920,O=Cc1ccc(C=O)cc1,O=Cc1ccc(CO)cc1
921,CC1(C)OC(=O)C2OC21,CC1(C)OC(=O)CC1O
922,O=C(c1ccco1)N1CCNCC1,O=C(C1CCCO1)N1CCNCC1
923,CCC(C=O)(CO)CO,CCC(CO)(CO)CO
924,Nc1c(N=O)cnn1CCO,Nc1cnn(CCO)c1N
925,CCCCCCC(=O)CC,CCCCCCC(O)CC
926,CC(C)C1=CC(=O)CC1,CC(C)C1CCC(=O)C1
927,CC(=O)C=Cc1ccccc1,CC(=O)CCc1ccccc1
928,CC1(C)C=CC(=O)CC1,CC1(C)CCC(=O)CC1
929,O=C(O)C1CCCCCC1,OCC1CCCCCC1
930,CSCCNC(=O)CSC,CSCCNCCSC
931,CC(C)(O)Cc1ccccc1,CC(C)(O)CC1CCCCC1
932,Cc1cc(=O)cc(C)o1,CC1CC(=O)CC(C)O1
933,CCCc1ccc(O)c(OC)c1,CCCc1ccc(O)c(O)c1
934,O=C1CCc2ccccc21,OC1CCc2ccccc21
935,CC(C)(C)OC(=O)NCCCN,CCOC(=O)NCCCN
936,CCCCC=C1CCCC1=O,CCCCCC1=CCCC1=O
937,CCCCC=C1CCCC1=O,CCCCCC1=CCCC1=O
938,CCCN1CCC(C(N)=O)CC1,CCCN1CCC(CN)CC1
940,OC1CCc2ccccc21,C1=Cc2ccccc2C1
941,CC(C)Cc1ccc(C=O)cc1,CC(C)Cc1ccc(CO)cc1
942,Cc1cc(N(C)C)cc[n+]1[O-],Cc1cc(N(C)C)ccn1
943,COc1ccc2c(c1)CCN=C2,COc1ccc2c(c1)CCNC2
944,O=C(O)c1ccc2ccccc2n1,O=C(O)C1CCc2ccccc2N1
945,O=C1NCc2c(O)cccc21,O=C1NCc2ccccc21
946,O=C1NCc2c(O)cccc21,O=C1NCc2ccccc21
947,CN(C)CCCCC#N,CN(C)CCCCCN
948,Cc1ncoc1C=O.NO,Cc1ncoc1C=NO
949,CCc1ccc(C(N)=O)cc1,CCc1ccc(CN)cc1
950,COc1cccc(CCC(=O)O)c1,COc1cccc(CCCO)c1
951,N#Cc1ccc2c(c1)OCO2,N#Cc1ccc(O)c(O)c1
952,Nc1cc(CCC(=O)O)ccn1,Nc1cc(CCCO)ccn1
953,Nc1ccc(C#CCO)cn1,Nc1ccc(CCCO)cn1
954,O=[N+]([O-])c1cccc(O)c1,O=[N+]([O-])c1ccccc1
955,COc1ccc2c(c1)CCCC2=O,COc1ccc2c(c1)CCCC2O
956,COc1ccc2c(c1)CCCC2O,COc1ccc2c(c1)CCC=C2
957,CCCCCCC#CCO,C#CCCCCCCCO
958,C#CCCCCCCCO,C#CCCCCCCO
959,CCC#CCCCCCCCCO,C#CCCCCCCCCCCO
960,CCCCCCCCCCCCC#CCO,C#CCCCCCCCCCCCCCO
961,CCC1CCCCC1=NO,CCC1CCCCC1N
962,O=C(O)C=Cc1ccncc1,O=C(O)CCc1ccncc1
963,N#CCCc1ccccn1,NCCCc1ccccn1
964,CCOC(=O)Cc1cccnc1,CCOC(=O)CC1CCCNC1
965,CN(C)C(=O)c1cccnc1,CN(C)C(=O)C1CCCNC1
966,COc1ccc(C#N)cn1,COc1ccc(CN)cn1
967,N#CCC(=O)c1cccs1,N#CCC(O)c1cccs1
968,N#CCC(O)c1cccs1,NCCC(O)c1cccs1
969,CC(=O)CC(C)(C)O.NO,CC(CC(C)(C)O)=NO
970,O=C1Nc2ccccc2C1=O,O=C1Cc2ccccc2N1
971,O=C1Nc2ccccc2C1=O,O=C1Cc2ccccc2N1
972,Cc1cccc2c1SCCC(=O)N2,Cc1cccc2c1SCCCN2
973,COC(=O)C1(C#N)CCCC1,COC(=O)C1(CN)CCCC1
974,Nc1ncc(C2(O)CCC2)s1,Nc1ncc(C2CCC2)s1
975,CCCCC/C=C/C(C)=O,CCCCC/C=C/C(C)O
976,COC1=CCC(OC)O1,COC1CCC(OC)O1
977,OCC#Cc1ncccn1,OCCCc1ncccn1
978,CN(C)c1ncccc1C#N,CN(C)c1ncccc1CN
979,O=Cc1ccc(C=O)cc1,O=Cc1ccc(CO)cc1
980,C#CCO.C1=COCCC1,C#CCOC1CCCCO1
981,N#Cc1cc(C=O)cs1,N#Cc1cc(CO)cs1
982,Cc1cc(C=O)sc1C#N,Cc1cc(CO)sc1C#N
983,OCc1ccc2ccccc2n1,OCC1CCc2ccccc2N1
984,N#CCCCCC(=O)O,NCCCCCC(=O)O
985,Oc1ccc(O)c(O)c1O,Oc1cccc(O)c1O
986,CCOC(=O)c1cccc(O)c1,CCOC(=O)c1ccccc1
987,Cc1ccc(C=NO)cc1,Cc1ccc(C#N)cc1
988,CON=Cc1ccccc1C,CONCc1ccccc1C
989,CSc1ccsc1C=O,CSc1ccsc1CO
990,CCOC(=O)Cc1ccccn1,CCOC(=O)CC1CCCCN1
991,COc1ncccc1CC(=O)O,COc1ncccc1CCO
992,CSc1ccc(C=O)cc1C,CSc1ccc(CO)cc1C
993,N#Cc1ccc2c(c1)OCO2,N#Cc1ccc(O)c(O)c1
994,O=Cc1ccnc2ccccc12,c1ccc2ncccc2c1
995,Nc1cccc(C(=O)O)c1,NC1CCCC(C(=O)O)C1
996,CC(C)(C)N1CCC(=O)CC1,CC(C)(C)N1CCC(O)CC1
997,CSc1cccc(C(=O)O)c1,CSc1cccc(CO)c1
998,COc1cc(C(N)=O)on1,COc1cc(C#N)on1
999,NC1CC2CC1C1C=CCC21,NC1CC2CC1C1CCCC21
1000,COc1ccc(C=O)c(O)c1,COc1ccc(C)c(O)c1
1001,CCCCC(O)C1CCCC1=O,CCCCC=C1CCCC1=O
1002,CCCCCC=C1CCCC1=O,CCCCCCC1=CCCC1=O
1003,CCCCC=C1CCCC1=O,CCCCCC1=CCCC1=O
1004,CCCCCCC=C1CCCC1=O,CCCCCCCC1=CCCC1=O
1005,CCCCC=C1CCCC1=O,CCCCCC1=CCCC1=O
1006,CC#CCCC(C)CCCCCCCCC,C#CCCCC(C)CCCCCCCCC
1007,CC1CCc2ccccc2C1=O,Cc1ccc2ccccc2c1O
1008,COc1cc(C#N)ccn1,COc1cc(CN)ccn1
1009,O=C(O)C1CC=CCC1,O=C(O)C1CCCCC1
1010,O=C(O)C1CC=CCC1,O=C(O)C1CCCCC1
1011,CC1(C)C=CC(=O)CC1,CC1(C)CCC(=O)CC1
1012,COc1cccc(CC(C)=O)c1,COc1cccc(CC(C)O)c1
1013,O=CN1CCN(CCCO)CC1,OCCCN1CCNCC1
1014,Cc1cccc(C#N)n1,Cc1cccc(CN)n1
1015,COc1cc2cncnc2cc1O,COc1ccc2ncncc2c1
1016,N#CC1=CCCc2sccc21,N#Cc1cccc2sccc12
1017,O=C1CCCc2sccc21,Oc1cccc2sccc12
1019,CCCC1(C)CC(=O)NC1=O,CCCC1(C)CCNC1
1020,C=C1OC(=O)C2CCC1C2,O=C1CC(=O)C2CCC1C2
1021,C=C1OC(=O)C2CCC1C2,O=C1CC(=O)C2CCC1C2
1022,O=Cc1ccoc1C1OCCO1,O=Cc1ccoc1C=O
1023,C=CCCCCCCCCCNC=O,CCCCCCCCCCCNC=O
1024,N#Cc1ccc(C=O)cc1,N#Cc1ccc(CO)cc1
1025,O=C(O)CCCCC1CCSS1,O=C(O)CCCCC(S)CCS
1026,CC(=O)C(C)C(C)C(C)=O,Cc1oc(C)c(C)c1C
1027,CC(NC=O)C1CCNCC1,CC(NC=O)c1ccncc1
1028,CCCOc1ccccc1C(=O)OC,CCCOc1ccccc1C(=O)O
1029,O=C([O-])c1ccccc1,O=C(O)c1ccccc1
1030,CC1CCCc2ccccc2C1=O,CC1CCCc2ccccc2C1O
1031,Cc1cccc2c1CCC2=O,Cc1cccc2c1CCC2O
1032,CCCCCCNCCC(=O)OC,CCCCCCNCCC(=O)O
1033,COc1ccc2c(c1)CCC2=NO,COc1ccc2c(c1)CCC2N
1034,CCC1Cc2ccccc2C1=NO,CCC1Cc2ccccc2C1N
1035,CCCCC(C(C)=O)C(=O)OC,CCCCC(C(C)=O)C(=O)O
1036,CC1(C(=O)O)CCCCC1,CC1(CO)CCCCC1
1037,CC1(C)C=CC(=O)CC1,CC1(C)CCC(=O)CC1
1038,Cc1c(O)ccc(C=O)c1O,Cc1ccc(O)c(C)c1O
1039,NCc1cc2ccccc2oc1=O,O=c1ccc2ccccc2o1
1040,CC1(C)C=CC(=O)CC1,CC1(C)CCC(=O)CC1
1041,O=c1ccn2c(c1)C=CC2,Oc1ccn2cccc2c1
1042,C=CCCCC=CCOC,CCCCCC=CCOC
1043,O=C1CCc2ccccc21,C1=Cc2ccccc2C1
1044,N#CC=CC1CCCO1,NCCCC1CCCO1
1045,CCc1c(N)cccc1C(=O)OC,CCc1c(N)cccc1CO
1046,Cc1cc(C#N)n(C)n1,Cc1cc(CN)n(C)n1
1047,CCN(CC)CC(=O)[O-],CCN(CC)CC(=O)O
1048,CCCC1CCC(O)CC1,CCCC1CC=CCC1
1049,CC(C)(C)C1CCC(O)CC1,CC(C)(C)C1CC=CCC1
1050,CCc1csc(C=O)c1,CCc1csc(CO)c1
1051,Cn1ccc(C(N)=O)cc1=O,Cn1ccc(C#N)cc1=O
1052,CCC(O)c1ccccc1,CC=Cc1ccccc1
1053,CCC(O)c1ccccc1,CC=Cc1ccccc1
1054,CCC(O)c1ccccc1,CC=Cc1ccccc1
1055,Cc1ccc(C(=O)O)cn1,Cc1ccc(CO)cn1
1056,C#Cc1cnc(N)cn1,CCc1cnc(N)cn1
1057,C=Cc1ccncc1C#N,CCc1ccncc1C#N
1058,CC(NC=O)c1ccncc1,CC(NC=O)C1CCNCC1
1059,N#Cc1cccc(C=O)c1,N#Cc1cccc(CO)c1
1060,C=CCN=CC(C)CC=C,C=CCNCC(C)CC=C
1061,C=CCCC(C)=NCC=C,C=CCCC(C)NCC=C
1062,CCOC(=O)CC(C)O.N,CCOC(=O)CC(C)N
1063,Cc1cccc(C(=O)O)n1,CC1CCCC(C(=O)O)N1
1064,OCCc1ccncc1,OCCC1CCNCC1
1065,O=C1CCc2c(O)cccc21,O=C1CCc2ccccc21
1066,CCOC(OCC)C1(C=O)CC1,CCOC(OCC)C1(CO)CC1
1067,C=COCCCCCCOC=C,C=COCCCCCCO
1068,C=Cc1ccc(N)nc1,CCc1ccc(N)nc1
1069,CN1C(=O)c2ccccc2C1=O,CN1C(=O)c2ccccc2C1O
1070,OCC1=Cc2ncccc2OC1,OCC1COc2cccnc2C1
1071,CN1CCc2ccccc21,Cn1ccc2ccccc21
1072,Cn1ccc2ccccc21,CN1CCc2ccccc21
1073,NCc1ccc(C(=O)O)cc1,NCc1ccc(CO)cc1
1074,Cc1ncccc1C(=O)O,Cc1ncccc1CO
1075,Cc1ncccc1C=O,Cc1ncccc1CO
1076,CCCC1(C(=O)OC)CCC1,CCCC1(CO)CCC1
1077,C=CCc1ccc2c(c1)OCO2,CC=Cc1ccc2c(c1)OCO2
1078,C#CCCCCCCCCCO,C=CCCCCCCCCCO
1079,OCCCCCC=C1CCCC1,OCCCCCCC1CCCC1
1080,CC(C)=CCCCCCO,CC(C)CCCCCCO
1081,CCOC(=O)C1CCCC1=O,CCOC(=O)C1CCCC1O
1082,CC(C)CCCCCC(=O)[O-],CC(C)CCCCCCO
1083,CC1=CC(=C(C)C)C=C1,CC1=CC(C(C)C)=CC1
1084,CCC(C=O)(CO)CO,CCC(CO)(CO)CO
1085,CCC(C=O)(CO)CO,CCC(CO)(CO)CO
1086,COc1ccc(OC)c(C=O)c1,COc1ccc(O)cc1C=O
1087,CN1CCC(C(N)=O)CC1,CN1CCC(CN)CC1
1088,N#Cc1cccc(C#N)c1,N#Cc1cccc(CN)c1
1089,N#Cc1ccc(C=O)cc1,NCc1ccc(CO)cc1
1090,N#Cc1cccc(C=O)c1,NCc1cccc(CO)c1
1091,COc1cccc(SC)c1,CSc1cccc(O)c1
1092,CCSc1cccc(OC)c1,CCSc1cccc(O)c1
1094,CCCCCCC1CO1,CCCCCCC(C)O
1095,Oc1ccc(Oc2ccccc2)cc1,Oc1ccc(-c2ccccc2)cc1
1096,CCC(=CC(=O)OC)CC,CCC(CC)CC(=O)O
1097,CCC(=CC(=O)OC)CC,CCC(=CC(=O)O)CC
1098,c1cncc(CN2CCCC2)c1,C1CNCC(CN2CCCC2)C1
1099,Cc1cnc(C(=O)O)cn1,Cc1cnc(C=O)cn1
1100,CN(C)Cc1cc(C#N)ccn1,CN(C)Cc1cc(CN)ccn1
1101,Cc1cccnc1C#N,Cc1cccnc1CN
1102,Cc1cc(=O)cc(C)o1,CC1CC(=O)CC(C)O1
1103,CC(C)(O)c1ccccc1,CC(C)c1ccccc1
1104,C1CN2CCC1C1(CO1)C2,O=C1CN2CCC1CC2
1105,O=C(O)C=Cc1cccs1,O=C(O)CCc1cccs1
1106,N#CCCc1ccsc1C#CCO,N#CCCc1ccsc1CCCO
1107,Cc1cc(C=O)ccc1O,Cc1cc(CO)ccc1O
1108,CCc1cc(C=O)ccc1O,CCc1cc(CO)ccc1O
1109,NCCCCC(N)C(=O)O,NC1CCCCNC1=O
1110,Cc1ccc2c(c1)C(O)CC2,Cc1ccc2c(c1)C=CC2
1111,C#CCNC(=O)OC(C)(C)C,C=CCNC(=O)OC(C)(C)C
1112,COc1ccccc1C(C)=O,COc1ccccc1C(C)O
1113,CCOC(=O)CC1CCOCC1,OCCC1CCOCC1
1114,Cc1ncc(C=O)n1C1CC1,Cc1ncc(C=O)n1C(C)C
1115,N#Cc1ccc2c(c1)CCC2=O,N#Cc1ccc2c(c1)CCC2O
1116,C=CCn1cccc1C(=O)OC,C=CCn1cccc1C(=O)O
1119,CC(C)N1CCC(=O)CC1,CC(C)N1CCC(O)CC1
1120,COC(=O)c1cnc(N)s1,COC(=O)c1cncs1
1121,COc1ccc(C=O)c(O)c1,COc1ccc(C)c(O)c1
1122,COC1(C#N)CCOCC1,COC1(CN)CCOCC1
1123,CCCn1ncc(C(=O)OC)n1,CCCn1ncc(CO)n1
1124,CCn1c(CO)cnc1S,CCn1cncc1CO
1125,O=C(O)C=Cc1nccs1,O=C(O)CCc1nccs1
1126,O=CC=Cc1ccccc1,OCC=Cc1ccccc1
1127,Nc1ccc2c(c1)CCC2=NO,Nc1ccc2c(c1)CCC2N
1128,CCOc1nc(N)nc(N)c1N=O,CCOc1nc(N)nc(N)c1N
1129,COc1ccccc1N,COC1CCCCC1N
1130,c1cc2c(s1)OCCO2,c1scc2c1OCCO2
1131,c1cc2c(s1)OCCO2,c1scc2c1OCCO2
1133,Cc1cnc(C=NO)c(C)c1,Cc1cnc(CN)c(C)c1
1134,C=CCOCCCCOCC=C,C=CCOCCCCO
1135,CN1C2CCCC1CC(=NO)C2,CN1C2CCCC1CC(N)C2
1136,CN1C2CCC1CC(=NO)C2,CN1C2CCC1CC(N)C2
1137,C=CCC/C(C)=C\C(=O)OC,C=CCC/C(C)=C\C(=O)O
1139,COCc1ccccc1[N+](=O)[O-],O=Cc1ccccc1[N+](=O)[O-]
1140,Cc1cccc(C(N)=O)c1N,Cc1cccc(CN)c1N
1141,CCOC(=O)C(C)C(C)=O,CCOC(=O)C(C)C(C)O
1142,CCOC(=O)C(CC)C(C)=O,CCOC(=O)C(CC)C(C)O
1143,CCC(C(C)=O)C(=O)OC,CCC(C(=O)OC)C(C)O
1144,N#CCc1ccc(C(=O)O)cc1,N#CCc1ccc(CO)cc1
1145,CC(O)c1ccc(C#N)s1,CC(O)c1ccc(CN)s1
1146,N#CCc1cc(C(=O)O)cs1,N#CCc1cc(CO)cs1
1147,NC1=CCN(c2ccccc2)N1,Nc1ccn(-c2ccccc2)n1
1148,COC(=O)C1CSCC1=NO,COC(=O)c1cscc1N
1149,CCn1cnc(C=O)c1,CCn1cnc(CO)c1
1150,CCCc1ccc(C(=O)O)cc1,CCCc1ccc(CO)cc1
1151,O=C1CCc2ccccc21,OC1CCc2ccccc21
1152,O=C1CC2(CCC2)CCO1,OC1CC2(CCC2)CCO1
1153,N#Cc1cccc(CO)c1,NCc1cccc(CO)c1
1154,Nc1cccc2c1CC(=O)CC2,Nc1cccc2c1CC(O)CC2
1155,Nc1cccc2c1CC(=O)CC2,Nc1cccc2c1CC(O)CC2
1156,N#Cc1ccc(N)nc1,NCc1ccc(N)nc1
1157,Cc1ccccc1CCC(=O)O,Cc1ccccc1CCCO
1158,c1ccc(Cc2cccnc2)cc1,c1ccc(CC2CCCNC2)cc1
1159,c1ccc(C2CCCNC2)cc1,C1CCC(C2CCCNC2)CC1
1160,CCC(=O)CC(=O)CC,CCC(O)CC(O)CC
1161,CCC(C(C)=O)C(C)=O,CCC(C(C)O)C(C)O
1162,Cc1cnc(C)c(NN)n1,Cc1cnc(C)c(N)n1
1163,Cc1ccnc(C#N)c1.O,Cc1ccnc(C=O)c1
1164,N#CC=Cc1ccncc1,N#CCCc1ccncc1
1165,CN1C(=O)c2ccccc2C1=O,CN1C(=O)c2ccccc2C1O
1166,OCc1cnnc2ccccc12,C1=NNc2ccccc2C1
1167,COc1cccc2cnsc12,Oc1cccc2cnsc12
1168,COc1cccc2scnc12,Oc1cccc2scnc12
1169,CC1(C)C=CC(=O)CC1,CC1(C)CCC(=O)CC1
1170,Nc1ccc(CCC(=O)O)cc1,Nc1ccc(CCCO)cc1
1171,CCOC(=O)NN=CCC1CC1,CCOC(=O)NNCCC1CC1
1172,COc1ccccc1O,COC1CCCCC1O
1173,CC1(C)OCC(=O)CO1,CC1(C)OCC(O)CO1
1175,O=C=O.c1cnc2ccoc2c1,O=C(O)c1nc2ccccc2o1
1176,Oc1ccc2c(c1)OCC2O,Oc1ccc2ccoc2c1
1177,CCn1ncnc1C=O.NO,CCn1ncnc1C=NO
1178,COc1ccc(C)cc1C(N)=O,COc1ccc(C)cc1CN
1179,NC1(C(=O)O)CCOCC1,NC1(CO)CCOCC1
1180,C#CCO.C1=COCCC1,C#CCOC1CCCCO1
1181,C=O.c1cc2cnccn2c1,O=Cc1ccc2cnccn12
1182,CCCCCN=C=O.N,CCCCCNC(N)=O
1183,N#CCCn1cncn1,NCCCn1cncn1
1184,O=C1NCc2ccncc21,O=C1NCC2CCNCC12
1185,C=CCCC(C)(C)C(=O)OCC,C=CCCC(C)(C)CO
1186,Nc1ccsc1C(=O)[O-],Nc1ccsc1C(=O)O
1187,COc1cc(O)ccc1C(N)=O,COc1cc(O)ccc1C#N
1188,CCc1cccc2c(OC)cccc12,CCc1cccc2c(O)cccc12
1189,CC(C)=CC(C)CCCCC=O,CC(C)=CC(C)CCCCCO
1190,Cc1cncc(C(=O)O)c1,Cc1cncc(CO)c1
1191,COc1ccnc(C#N)c1,COc1ccnc(CN)c1
1192,COC(=O)C(O)C1CC1.NN,NNC(=O)C(O)C1CC1
1193,OCCCc1ccncc1,OCCCC1CCNCC1
1195,COC(=O)c1nn(C)nc1C=O,COC(=O)c1nn(C)nc1CO
1196,N#CC1=CCc2ccccc21,N#CC1CCc2ccccc21
1197,Nc1ccc(C(=O)O)cn1,Nc1ccc(CO)cn1
1198,Cc1cn(C)c(=O)cn1,CC1CN(C)C(=O)CN1
1199,Cc1ccc2ccccc2n1,CC1CCc2ccccc2N1
1200,CC1CCc2ccc(N)cc2N1,Cc1ccc2ccc(N)cc2n1
1201,Cc1cccc(CC#N)c1C,Cc1cccc(CCN)c1C
1202,CC(C)=CCNCC(=O)O,CC=CCNCC(=O)O
1203,COc1ccc(OCCC#N)cc1,COc1ccc(OCCCN)cc1
1204,O=C(O)CCCc1ccsc1,O=C1CCCc2ccsc21
1205,Cc1cc(C(N)=O)nn1C,Cc1cc(C#N)nn1C
1206,CCc1cc(C(N)=O)nn1C,CCc1cc(C#N)nn1C
1207,CCn1nc(C(N)=O)cc1C,CCn1nc(C#N)cc1C
1208,CCCn1nc(C(N)=O)cc1CC,CCCn1nc(C#N)cc1CC
1209,CN1C2CCC1CC(=O)NC2,CN1C2CCNCC1CC2
1211,CN1CCc2nc(N)sc2C1,CN1CCc2ncsc2C1
1212,N#CCN1CCC(O)CC1,NCCN1CCC(O)CC1
1213,N#CCN1CCCCC1CO,NCCN1CCCCC1CO
1214,N#CCN1CCCC1CO,NCCN1CCCC1CO
1215,CCOC(=O)CC1CCOCC1,OCCC1CCOCC1
1216,Cc1ccc(O)c(C=O)n1,Cc1cccc(C=O)n1
1217,C=CCSc1ccccc1C(N)=O,C=CCSc1ccccc1CN
1218,CC(=O)c1ccccn1,CC(O)c1ccccn1
1219,COc1nccnc1C=O.NO,COc1nccnc1C=NO
1220,O=C(O)C(O)c1ccccc1,O=C(O)C(O)C1CCCCC1
1221,CCOc1noc2cc(OC)ccc12,CCOc1noc2cc(O)ccc12
1222,COc1cccc(C(=O)O)c1C,COc1cccc(CO)c1C
1224,O=C([O-])c1ccccc1,O=C(O)c1ccccc1
1225,CC(C)C1NC(=O)CNC1=O,CC(C)C1CNCCN1
1226,CCc1ccccc1C=CC(=O)O,CCc1ccccc1CCCO
1227,O=C(CO)c1ccccc1,OCC(O)c1ccccc1
1228,COc1ncccc1C=O,COc1ncccc1CO
1229,COc1ccncc1C=O,COc1ccncc1CO
1230,CC(C)=CCC/C(C)=C/CO,CC(C)CCCC(C)CCO
1231,O=C(O)C=Cc1cccnc1,O=C(O)CCc1cccnc1
1232,COc1ccc(C=O)c(O)c1,COc1ccc(C)c(O)c1
1233,OC1CCC(C2CCCCC2)CC1,C1=CCC(C2CCCCC2)CC1
1234,Cc1nccc2ccccc12,CC1NCCc2ccccc21
1235,COC1COCCC1(OC)OC,COC1COCCC1=O
1236,CCOC1COCCC1(OC)OC,CCOC1COCCC1=O
1237,CCOC(=O)Cc1ccccn1,CCOC(=O)CC1CCCCN1
1238,O=C(O)c1cc2ccccc2o1,O=C(O)C1Cc2ccccc2O1
1239,COc1ccc(CC(=O)O)cc1,COc1ccc(CC=O)cc1
1240,N#Cc1ccc(C(=O)O)cn1,N#Cc1ccc(CO)cn1
1241,CNCCCC(=O)O.CO,CNCCCC(=O)OC
1242,c1ccc2cnncc2c1,c1ccc2nnccc2c1
1243,Nc1ccc(CCC(=O)O)cc1,Nc1ccc(CCCO)cc1
1244,CCOC(=O)Cc1ccncc1,CCOC(=O)CC1CCNCC1
1245,CCCCCN(C)CCC(=O)OC,CCCCCN(C)CCC(=O)O
1246,OCC#Cc1ccccc1,OCCCc1ccccc1
1247,N#Cc1ccc(C(=O)O)cc1,N#Cc1ccc(CO)cc1
1248,N#Cc1cccc(C(=O)O)c1,N#Cc1cccc(CO)c1
1249,CCOC(=O)C1(C#N)CCCC1,CCOC(=O)C1(C#N)CCC1
1250,O=C1OCCC1=CC1CCCCC1,O=C1OCCC1CC1CCCCC1
1251,CC(C)=C1CCOC1=O,CC(C)C1CCOC1=O
1252,CCCC1CCC(=O)O1,CCCC1CCC(O)O1
1253,CCC=C(C)C(=O)O.CO,CCC=C(C)C(=O)OC
1254,C#Cc1scnc1C(=O)OC,C#Cc1scnc1CO
1255,CCOC(=O)C=Cc1ccccc1,CCOC(=O)CCc1ccccc1
1256,Cc1c(O)cccc1C(=O)O,Cc1c(O)cccc1CO
1258,CCc1ccccc1C#N,CCc1ccccc1CN
1259,CCOC(=O)C1(C#N)CC1,CCOC(=O)C1(CN)CC1
1260,COC(=O)C1(C#N)CCCC1,COC(=O)C1(CN)CCCC1
1261,Cc1cccn2ccnc12,CC1CCCn2ccnc21
1262,Nc1ncccc1C(=O)O,Nc1ncccc1CO
1263,CCC(C#N)(C#N)CC,CCC(CC)(CN)CN
1264,N#CC1(C#N)CCCC1,NCC1(CN)CCCC1
1265,COc1ccccc1/C=C/C=O,COc1ccccc1/C=C/CO
1266,O=C1CCCc2occc21,Oc1cccc2occc12
1267,O=C([O-])c1ccccc1,O=C(O)c1ccccc1
1268,CC(=O)C=Cc1ccc(O)cc1,CC(=O)C=Cc1ccccc1
1269,CC(=O)N1CCCNCC1,CCN1CCCNCC1
1270,COCCCOc1cc(C)ccc1C=O,COCCCOc1cc(C)ccc1CO
1271,CCCCCCCCC=CC(=O)O,C=CCCCCCCCCC(=O)O
1272,CC1(C)C(=O)C=CC1=O,CC1(C)C(=O)C=CC1O
1273,CN1CCNC(=O)C1(C)C,CN1CCNCC1(C)C
1274,C=C(C)c1ccccc1,CC(C)c1ccccc1
1275,O=C1CCS(=O)(=O)CC1,O=S1(=O)CCC(O)CC1
1276,CNc1ccc(CC(=O)OC)cc1,CNc1ccc(CC(=O)O)cc1
1277,NC(=O)CN1CCCC1=O,N#CCN1CCCC1=O
1278,COc1cccc(C(C)C#N)c1,COc1cccc(C(C)CN)c1
1279,Cc1cccc2c(C)cccc12,Cc1cccc2c1CCCC2C
1280,ON=Cc1ccnc(O)c1,ON=Cc1ccncc1
1281,COc1ncccc1C=O,COc1ncccc1CO
1283,CCC1NCCCNC1=O,CCC1CNCCCN1
1284,Nc1cccc(C(=O)O)c1,Nc1cccc(CO)c1
1286,CCn1nc(C)cc1CC(N)=O,CCn1nc(C)cc1CC#N
1287,CCCc1ccc(CCC=O)cc1,CCCC1CCC(CCC=O)CC1
1288,CC1CCC(CCC=O)CC1,Cc1ccc(CCC=O)cc1
1289,CCC1CCC(CCC=O)CC1,CCc1ccc(CCC=O)cc1
1290,CC(=O)c1ccccc1,CC(O)c1ccccc1
1291,CO.N#Cc1cccnc1,NC(=O)c1cccnc1
1292,C#Cc1ccc(C(=O)OC)cc1,C#Cc1ccc(C(=O)O)cc1
1293,Nc1ccc(O)c(=O)cc1,O=c1cccccc1O
1294,OCCC=C1CCOCC1,OCCCC1CCOCC1
1295,O=C(O)CCc1ccco1,OCCCc1ccco1
1296,Cc1ccc(C)c(C#N)n1,Cc1ccc(C)c(CN)n1
1297,CCCc1ccnc(C(=O)O)c1,CCCC1CCNC(C(=O)O)C1
1298,CC1(C)C=CC(=O)CC1,CC1(C)CCC(=O)CC1
1299,C=CCC(C)(C)C=COC,C=CCC(C)(C)CC=O
1300,C=CCC(C)(C)CC=O,C=CCC(C)(C)CCO
1301,CC(=O)c1ccncc1,CC(O)c1ccncc1
1302,CC(=O)c1ccccn1,CC(O)c1ccccn1
1303,COc1cccc(C(C)=O)c1,COc1cccc(C(C)O)c1
1304,COc1cccc2c1OCC2=O,COc1cccc2c1OCC2O
1305,COCC(=O)c1ccccc1,COCC(O)c1ccccc1
1306,CSc1ccccc1C=O,CSc1ccccc1CO
1307,CC(C)Cc1ccc(C=O)cc1,CC(C)Cc1ccc(CO)cc1
1308,CSc1ccc(C=NO)o1,CSc1ccc(CN)o1
1309,COC(=O)C1CCC(=O)C1,COC(=O)C1CCC(O)C1
1310,O=[N+]([O-])C=Cc1ccccc1,O=[N+]([O-])CCc1ccccc1
1311,CC(=O)c1ccccc1,CC(O)c1ccccc1
1312,CCc1cnc(CCN)o1,Cc1cnc(CCN)o1
1313,CC1(C)C=CC(=O)CC1,CC1(C)CCC(=O)CC1
1314,CC(C)=Cc1cccc(C#N)c1,CC(C)=Cc1cccc(CN)c1
1315,O=S1(=O)C=Cc2ccccc21,O=S1(=O)CCc2ccccc21
1316,OCc1ncccc1O,OCC1NCCCC1O
1317,CC(=O)C=C1CCOCC1,CC(=O)CC1CCOCC1
1318,CC1=NCCc2sccc21,CC1NCCc2sccc21
1319,CC1=NCCc2occc21,CC1NCCc2occc21
1320,COc1ccncc1[N+](=O)[O-],COc1ccncc1N
1321,C=CCCC(=CC(=O)OC)CC,C=CCCC(=CC(=O)O)CC
1322,O=C(O)c1ccnc2ccccc12,O=C(O)C1CCNc2ccccc21
1323,Cc1ccnc(C)c1C=O.NO,Cc1ccnc(C)c1C=NO
1324,CCOC(=O)c1nc(N)sc1C,CCOC(=O)c1ncsc1C
1325,CC1(C(=O)O)CCCCC1,CC1(CO)CCCCC1
1326,CC#N.CC(C)=CC=O,CC(C)=CC(O)CC#N
1327,COC=CC1CCCOC1,O=CCC1CCCOC1
1328,O=CCC1CCCOC1,OCCC1CCCOC1
1329,O=CCC1CCCCO1,OCCC1CCCCO1
1330,CC1(C)CC(C=O)CCO1,CC1(C)CC(CO)CCO1
1331,O=C(O)CC1CCCOC1,OCCC1CCCOC1
1332,CC1(C)CC(CC=O)CCO1,CC1(C)CC(CCO)CCO1
1333,O=C(O)c1sccc1CO,O=C1OCc2ccsc21
1334,CCCN(CCC)CCCC#N,CCCN(CCC)CCCCN
1335,CC(C)=CCC/C(C)=C/CO,CC(C)CCCC(C)CCO
1336,O=c1ccoc2ccccc12,O=C1CCOc2ccccc21
1338,CC1=NCCc2ccccc21,CC1NCCc2ccccc21
1339,C=CC(=O)OCC.C=O,C=C(CO)C(=O)OCC
1341,COCOc1ccccc1C(=O)OC,COCOc1ccccc1C(=O)O
1342,COCCN(C)CC#N,COCCN(C)CCN
1343,COCCCN(C)CC#N,COCCCN(C)CCN
1344,COC1CN(CC#N)C1,COC1CN(CCN)C1
1345,CC1CCCC(C)N1CC#N,CC1CCCC(C)N1CCN
1346,COC1CCN(CC#N)CC1,COC1CCN(CCN)CC1
1347,N#CCN1CCCCCC1,NCCN1CCCCCC1
1348,N#CCN1CCCOCC1,NCCN1CCCOCC1
1349,O=C1OCCC1c1ccccc1,O=C1OCCC1C1CCCCC1
1350,CCOC(=O)Cc1ccc(O)cc1,CCOC(=O)CC1CCC(O)CC1
1351,COC(=O)c1ccncn1,O=C(O)c1ccncn1
1352,CC(C)Oc1ccc(C=O)cc1,CC(C)Oc1ccc(CO)cc1
1353,CCCn1cnc(C(=O)OC)c1,CCCn1cnc(C(=O)O)c1
1354,O=C([O-])c1cccnc1,O=C(O)c1cccnc1
1355,COc1cccc(C(C)=NO)c1,COc1cccc(C(C)N)c1
1356,COc1cccc(C#N)c1,COc1cccc(CN)c1
1357,Cn1ccc2c(C#N)cccc21,Cn1ccc2c(CN)cccc21
1358,Cn1ccc2ccc(C#N)cc21,Cn1ccc2ccc(CN)cc21
1359,N#Cc1cccc2occc12,NCc1cccc2occc12
1360,N#Cc1cccc2sccc12,NCc1cccc2sccc12
1361,COc1cccc(C=O)n1,COc1cccc(CO)n1
1362,CC(=O)c1cccnn1,CC(O)c1cccnn1
1363,CCOc1ccc(C#N)cn1,CCOc1ccc(CN)cn1
1364,N#CCc1ccccc1C(=O)O,N#CCc1ccccc1CO
1365,CN1CCN(c2ccccc2)CC1,CN1CCN(C2CCCCC2)CC1
1366,CCCc1ccc(C(=O)O)cc1,CCCc1ccc(CO)cc1
1367,Cc1cnc(C(=O)O)cn1,Cc1cnc(CO)cn1
1368,COC(=O)c1nc(N)sc1C,COC(=O)c1ncsc1C
1369,CN(C)C(=N)N=C(N)N,CN(C)C(=N)NC(=N)N
1370,CN(C)C(=N)N=C(N)N,CN(C)C(=N)NC(=N)N
1371,N#CC1(N2CCCC2)COC1,N#CC1(N2CCCC2)CC1
1372,CCOC(=O)C1CC1C=O,CCOC(=O)C1CC1CO
1373,O=C1C=C(c2ccccn2)CC1,O=C1CCC(c2ccccn2)C1
1374,C=CCOCC1CO1.[O-2],C(OCC1CO1)C1CO1
1375,CSc1ccccc1C(=O)O,CSc1ccccc1CO
1376,CCOc1ccc2c(c1)CC2C#N,CCOc1ccc2c(c1)CC2CN
1377,Cc1ncc(C=O)cn1,Cc1ncc(CO)cn1
1378,CN(C)C(=N)N=C(N)N,CN(C)C(=N)NC(=N)N
1379,COC(=O)NN=C(C)C,COC(=O)NNC(C)C
1380,CC(C)CC1(O)CCCCC1,CC(C)CC1=CCCCC1
1382,N#Cc1ccnc(N)c1,NCc1ccnc(N)c1
1383,Oc1ccc(OC2CCOC2)cc1,OC1CCC(OC2CCOC2)CC1
1384,COc1ccc(C(=O)CN)cc1,COc1ccc(C(O)CN)cc1
1385,CCOP(=O)(CC#N)OCC,CCOP(=O)(CCN)OCC
1386,Cc1cc(C)cc(C(N)=O)c1,Cc1cc(C)cc(C#N)c1
1387,CC(C)Oc1cccc(C=O)c1,CC(C)Oc1cccc(CO)c1
1388,CC(C)=CCCC(C)=CC=O,CC(C)=CCCC(C)CC=O
1389,CC(=O)OCCCC=O,CC(=O)OCCCCO
1390,CCNC1(C#N)CCCC1,CCNC1(CN)CCCC1
1391,Cc1ccc(C=CC(=O)O)cc1,Cc1ccc(C=CCO)cc1
1392,Cc1cccc(C=CC(=O)O)c1,Cc1cccc(C=CCO)c1
1393,COCc1oncc1C(=O)OC,COCc1oncc1C(=O)O
1394,O=CCCc1cscn1,OCCCc1cscn1
1395,OCC#Cc1nccs1,OCCCc1nccs1
1396,O=C(O)CCNc1ccccc1,O=C1CCNc2ccccc21
1398,C#Cc1cncc(N)c1,CCc1cncc(N)c1
1399,Cc1ccc2c(c1O)CCC2=O,Cc1ccc2c(c1O)CCC2
1400,C=CCO.O=CC1CCCCC1,C=CCC1(C=O)CCCCC1
1401,COc1cncc(SC)c1,CSc1cncc(O)c1
1402,COc1ccc2c(c1)CCC2=NO,COc1ccc2c(c1)CCC2N
1403,COc1cc(C)ccc1C(N)=O,COc1cc(C)ccc1CN
1404,Cc1ccc(CC#N)nc1,Cc1ccc(CCN)nc1
1405,CCCCC(=O)CCCC,CCCCC(O)CCCC
1406,O=C1COC2OCCC12,OC1COC2OCCC12
1407,O=C1CCc2ccccc2CN1,O=C1Cc2ccccc2CCN1
1408,O=S(=O)([O-])c1ccccc1,O=S(=O)(O)c1ccccc1
1409,N#Cc1ccccc1CCC(=O)O,N#Cc1ccccc1CCCO
1410,Cc1ncccc1C(N)=O,Cc1ncccc1C#N
1411,O=COCc1ccc(C=O)o1,OCc1ccc(CO)o1
1412,OCc1ccc(CO)o1,OCC1CCC(CO)O1
1413,COc1ncn(C)c1C(N)=O,COc1ncn(C)c1CN
1414,CCC(=O)c1ccc(OC)cc1,CCC(=O)c1ccc(O)cc1
1415,C=Cc1ccc(OC(C)=O)cc1,C=Cc1ccc(O)cc1
1416,COC(=O)CCCCC(C)=O,COC(=O)CCCCC(C)O
1417,CC(C)Sc1ccccc1C(=O)O,CC(C)Sc1ccccc1C=O
1418,CC(C)(C)c1ccccc1O,CC(C)(C)c1ccccc1
1419,Nc1ccc(C(=O)O)cn1,Nc1ccc(CO)cn1
1420,CN(C)C(=N)N=C(N)N,CN(C)C(=N)NC(=N)N
1421,CC(C)Oc1cccc(C#N)c1,CC(C)Oc1cccc(CN)c1
1422,CC(C)Oc1cccc(C=O)c1,CC(C)Oc1cccc(CO)c1
1423,CCc1ncccc1OC(C)=O,CCc1ncccc1O
1424,COc1cccc(OCC(=O)O)c1,COc1cccc(OCCO)c1
1425,COc1cccc(CCC(=O)O)c1,COc1cccc(CCCO)c1
1426,COc1ccccc1CCC(=O)O,COc1ccccc1CCCO
1427,CC=CC=CCCC=CC(=O)OC,CC=CC=CCCC=CC(=O)O
1428,CCc1cccc2c1CCC2=O,CCc1cccc2c1CCC2O
1429,CCOC(=O)CC1CCCCO1,OCCC1CCCCO1
1430,NC1(C(=O)O)CCCCC1,NC1(CO)CCCCC1
1431,COC(=O)C1(C(=O)O)CC1,COC(=O)C1(CO)CC1
1432,CNc1cc(C#N)ccn1,CNc1cc(CN)ccn1
1433,N#CCCC1OCCO1,NCCCC1OCCO1
1434,Cc1ccc(C(=O)O)c(N)c1,Cc1ccc(CO)c(N)c1
1435,CCc1ncc(C(=O)[O-])o1,CCc1ncc(C(=O)O)o1
1437,COC(=O)C1(C(=O)O)CC1,COC(=O)C1(CO)CC1
1438,O=C1OCc2ccccc21,OCc1ccccc1CO
1439,Cc1nccc(C#N)c1C,Cc1nccc(CN)c1C
1440,OCC1=CC2(CCCCC2)CC1,OCC1CCC2(CCCCC2)C1
1441,COc1ccnc(C#N)n1,COc1ccnc(CN)n1
1442,Cc1ccnc(C#N)n1,Cc1ccnc(CN)n1
1443,O=C(O)c1ccc(OCCO)cc1,O=C(O)C1CCC(OCCO)CC1
1444,COCC1=NCCc2ccsc21,COCC1NCCc2ccsc21
1445,OCCCc1ccncc1,OCCCC1CCNCC1
1446,O=Cc1ccc(CO)o1,OCc1ccc(CO)o1
1447,CN(C)C(=N)N=C(N)N,CN(C)C(=N)NC(=N)N
1448,CNc1ncccc1C(=O)O,CNc1ncccc1CO
1449,CCOC(=O)/C=C(\C)C=O,CCOC(=O)CC(C)C=O
1450,COCc1cnc(C(=O)OC)cn1,COCc1cnc(C(=O)O)cn1
1452,CN(C)Cc1cccc(C#N)c1,CN(C)Cc1cccc(CN)c1
1453,Cc1ccnc(C#N)n1,Cc1ccnc(CN)n1
1454,CCC(CC)(CC)CC(=O)OC,CCC(CC)(CC)CCO
1455,CCC(C)(CC)CC(=O)OC,CCC(C)(CC)CCO
1456,CCCCc1nocc1C(=O)OCC,CCCCc1nocc1C(=O)O
1457,CCCCc1nocc1C(=O)O,CCCCc1nocc1CO
1458,N#Cc1cccc2c1CCC2=O,N#Cc1cccc2c1CCC2O
1459,O=Cc1cccc(O)c1,OCc1cccc(O)c1
1460,N#CCC(=O)c1ccccc1,NCCC(O)c1ccccc1
1461,N#CCC(=O)c1ccsc1,NCCC(O)c1ccsc1
1462,CCCC/C=C\CCCC,CCCCC=CCCCC
1463,c1cncc(C2=NCCC2)c1,c1cncc(C2CCCN2)c1
1464,CCc1cc(C)cc(CC)c1C=O,CCc1cc(C)cc(CC)c1CO
1465,CCCCC(O)C1CCCC1=O,CCCCC=C1CCCC1=O
1466,CN1C2CCC1CC(=O)NC2,CN1C2CCNCC1CC2
1467,Cn1ccc2cccc(N)c2c1=O,CN1CCc2cccc(N)c2C1=O
1468,COc1ccc(C=O)cn1,COc1ccc(CO)cn1
1469,CCCCCCCCCCCCCC(C)=O,CCCCCCCCCCCCCC(C)O
1470,C1=C(C2CS2)CCCC1,C1=C2CCCCC2SC1
1471,COc1cc(CC#N)ccc1C,Cc1ccc(CC#N)cc1O
1472,CCCCCCCCCCC(=O)O,CCCCCCCCCCCO
1473,N#CC1(C#N)CCOCC1,N#CC1(CN)CCOCC1
1474,CC1(C#N)CCOCC1,CC1(CN)CCOCC1
1475,CC(C)(CO)OCC1CO1,CC1(C)COC(CO)CO1
1476,Cc1ccncc1C(=O)O,CC1CCNCC1C(=O)O
1477,COc1cccc2cccnc12,COc1cccc2c1NCCC2
1478,COc1ncccc1C(=O)O,COc1ncccc1CO
1479,COc1cccc2c1CCCC2=O,COc1cccc2c1CCCC2O
1480,CC1(C)Cc2ccccc2C1=O,CC1(C)Cc2ccccc2C1O
1481,CC1(C)Oc2ccccc2C1=O,CC1(C)Oc2ccccc2C1O
1482,O=C(O)CCc1ccsc1,O=C1CCc2ccsc21
1483,NC1CC2C=CCC(C1)C2,NC1CC2CCCC(C1)C2
1484,Cc1cccc2c1OCC2O,Cc1cccc2c1OCC2
1485,COC(=O)c1nnsc1C=O,COC(=O)c1nnsc1CO
1486,CCCn1cnc(C=O)c1,CCCn1cnc(CO)c1
1487,O=C1COc2ccccc21,OC1COc2ccccc21
1489,O=C1CC(=O)C2C=CC1O2,O=C1CC(=O)C2CCC1O2
1490,CC(C)CCCCCCCCCO,CCCCCCCCCC(C)C
1491,CC(C)(C#N)c1ccsc1,CC(C)(CN)c1ccsc1
1492,CC(=O)c1ccccc1,CC(O)c1ccccc1
1493,CC(=NO)c1cccc(O)c1,CC(N)c1cccc(O)c1
1494,COc1ccncc1[N+](=O)[O-],COc1ccncc1N
1495,COC(=O)c1csc(C=O)c1,COC(=O)c1csc(CO)c1
1496,OCCC=C1CCCOC1,OCCCC1CCCOC1
1497,CNS(=O)(=O)CCCCC#N,CNS(=O)(=O)CCCCCN
1498,Nc1nc2c(O)cccn2n1,Nc1nc2ccccn2n1
1499,Cc1cnc2ccc(C#N)cn12,Cc1cnc2ccc(CN)cn12
1500,CC(=O)CC(C)CC(=O)O,CC1=CC(C)CC(=O)O1
1501,c1cc2c3c(c1)ccn3CCC2,c1cc2c3c(c1)CCN3CCC2
1502,CCC(C)(N)C(=O)O.CO,CCC(C)(N)C(=O)OC
1503,C=Cc1ccc(C=O)s1,C=Cc1ccc(CO)s1
1504,COC(=O)c1cncc(O)c1,COC(=O)C1CNCC(O)C1
1505,CCCC(=O)OCC(OC)OC,CCCC(=O)OCC=O
1506,CCc1csc(C=O)c1,CCc1csc(CO)c1
1507,O=C([O-])c1ccccc1,O=C(O)c1ccccc1
1508,COc1ccc(CN)cc1,COC1CCC(CN)CC1
1509,COC1CCC(C(=O)O)CC1,COC1CCC(CO)CC1
1510,COC(=O)c1ccc2nccn2c1,COC(=O)C1CCc2nccn2C1
1511,COCC1CCC(C#N)CC1,COCC1CCC(CN)CC1
1512,COc1ccc(OC)c(C#N)c1,COc1ccc(OC)c(CN)c1
1513,COCCOc1ccccc1C(=O)OC,COCCOc1ccccc1C(=O)O
1514,COc1cccc(C(N)=O)n1,COc1cccc(C#N)n1
1515,Cc1ccnc(C#N)c1,Cc1ccnc(CN)c1
1516,CNCCC(=O)c1cccs1,CNCCC(O)c1cccs1
1517,CC1(CCCC#N)OCCO1,CC1(CCCCN)OCCO1
1518,CC(=O)C=Cc1ccccc1,CC(=O)CCc1ccccc1
1519,O=C(O)C1Cc2ccccc2C1,O=C(O)C1CC2CCCCC2C1
1520,CC1(C)CC1(O)c1cnccn1,CC1(C)CC1(O)C1CNCCN1
1521,CC(C)C(C)(O)c1cnccn1,CC(C)C(C)(O)C1CNCCN1
1522,CCC(=O)c1cccnc1,CCC(O)c1cccnc1
1523,CCC(=O)c1ccncc1,CCC(O)c1ccncc1
1524,CON1CCC(=O)CC1,CON1CCC(O)CC1
1525,O=C(O)c1cc(O)ccc1O,O=C(O)c1ccccc1O
1526,O=C1C=Cc2ccccc21,O=C1CCc2ccccc21
1527,CC(C)(C#N)c1ccccc1,CC(C)(CN)c1ccccc1
1528,COC(=O)NN=C(C)C,COC(=O)NNC(C)C
1529,CCC=CCCCCCCCC(=O)OC,CCC=CCCCCCCCC(=O)O
1530,Nc1ccccc1CCO,C=Cc1ccccc1N
1531,OCCCc1cccnc1,OCCCC1CCCNC1
1532,CCc1cccc(C(=O)OC)c1,CCc1cccc(CO)c1
1533,C=CCC(CC=C)C(=O)OCC,C=CCC(CC=C)C(=O)O
1534,CCc1cc(C)nc(O)c1C#N,CCc1cc(C)nc(O)c1CN
1535,C=Cc1ccc(OC(C)=O)cc1,C=Cc1ccc(O)cc1
1536,CCCCOP(=O)(CC)CCC=O,CCCCOP(=O)(CC)CCCO
1537,CC(C)(C)C=CC(=O)O,CC(C)(C)CCC(=O)O
1538,C=CCCCCCC=O.NO,C=CCCCCCC#N
1539,CC(CO)CCCc1ccccc1,CC(CO)CCCC1CCCCC1
1540,CC(CCO)CCc1ccccc1,CC(CCO)CCC1CCCCC1
1541,CC(CO)CC(C)Cc1ccccc1,CC(CO)CC(C)CC1CCCCC1
1542,CC(CO)CCCc1ccccc1,CC(CO)CCCC1CCCCC1
1543,Cc1cccc2c1NC(=O)C2=O,Cc1cccc2c1NC(=O)C2
1544,CC(C)(C)C(=O)CC#N.NO,CC(C)(C)c1cc(N)on1
1545,COC(=O)C1CCC(=O)C1,COC(=O)C1CCC(O)C1
1546,NCC1CCC(C(=O)O)CC1,NCC1CCC(CO)CC1
1547,Cn1ccc2cc(C#N)ccc21,Cn1ccc2cc(CN)ccc21
1548,CC1(C)C=CC(=O)CC1,CC1(C)CCC(=O)CC1
1549,Cn1nccc1C=Cc1ccccc1,Cn1nccc1CCc1ccccc1
1550,Cc1ccsc1CC#N,Cc1ccsc1CCN
1551,Nc1ccccc1C1CC1C1CC1,NC1CCCCC1C1CC1C1CC1
1552,N#Cc1ccc(C2OCCO2)cn1,N#Cc1ccc(C=O)cn1
1553,N#CCC(=O)c1ccccc1,NCCC(O)c1ccccc1
1554,CC1(C)CC(=O)CC(=O)C1,CC1(C)CCCC(=O)C1
1555,CC1(C)CC(=O)CC(=O)C1,CC1(C)CCCC(=O)C1
1556,CC1(C)CC(=O)CC(=O)C1,CC1(C)CCCC(=O)C1
1558,COC(=O)c1csc(C=O)c1,COC(=O)c1csc(CO)c1
1559,Cn1ccc2cccc(C=O)c21,Cn1ccc2cccc(CO)c21
1560,CCOC(=O)C1(C#N)CC1,CCOC(=O)C1(CN)CC1
1561,CCOC(=O)C(C)(C)C#N,CCOC(=O)C(C)(C)CN
1562,CC(C=O)c1ccccc1,CC(CO)c1ccccc1
1563,CN(C)C(=N)N=C(N)N,CN(C)C(=N)NC(=N)N
1564,N#Cc1ccc2c(c1)CCC2=O,N#Cc1ccc2c(c1)CCC2O
1565,COc1cc(C(=O)O)ccc1C,COc1cc(CO)ccc1C
1566,NC1CCC(C(=O)O)CC1,NC1CCC(CO)CC1
1567,CC1CCCC(CCC(=O)O)C1,CC1CCCC(CCCO)C1
1568,CCc1cncc2ccc(OC)cc12,CCc1cncc2ccc(O)cc12
1569,COC(=O)c1cncc(C)c1,COC(=O)C1CNCC(C)C1
1570,O=[N+]([O-])c1cccc(O)c1,O=[N+]([O-])c1ccccc1
1571,CCOC(=O)C1CC1C=O,CCOC(=O)C1CC1CO
1572,CCCCCCCCC(=O)O,CCCCCCCCC=O
1573,N#Cc1ccc(C=O)cn1,N#Cc1ccc(CO)cn1
1574,CCP(=O)(O)CCC(=O)[O-],CCP(=O)(O)CCC(=O)O
1575,COC(=O)C1CO1.O=C=O,COC(=O)C1COC(=O)O1
1576,COC(=O)C1CO1.O=C=O,COC(=O)C1COC(=O)O1
1577,COC(=O)C1CO1.O=C=O,COC(=O)C1COC(=O)O1
1578,CNc1ccncc1[N+](=O)[O-],CNc1ccncc1N
1579,COc1ccc(O)cc1,COC1CCC(O)CC1
1580,CN(C)C(=N)N=C(N)N,CN(C)C(=N)NC(=N)N
1581,COc1cc(N)cc(OC)c1,COc1cc(N)cc(O)c1
1582,CC(=O)c1ccccc1N,CC(O)c1ccccc1N
1583,Nc1cccnc1C(=O)O,Nc1cccnc1CO
1584,Nc1cnccc1C(=O)O,Nc1cnccc1CO
1585,CC(C)C(N)(CO)C(=O)O,CC(C)C(N)(CO)CO
1586,Cc1nc(CS)c(C=O)s1,Cc1nc2cscc2s1
1587,Cc1nc(CS)c(C=O)o1,Cc1nc2cscc2o1
1588,O=C(O)CCCCC1CCSS1,O=C(O)CCCCC(S)CCS
1589,O=C(O)C1CCCCCC1,OCC1CCCCCC1
1590,OCCc1ccc(O)cc1,OCCC1CCC(O)CC1
1591,CCOC(=O)C(C)(C)C#N,CCOC(=O)C(C)(C)CN
1592,CCCCC(CCC(C)C)C(C)=O,CCCCC(CCC(C)C)C(C)O
1593,COC(=O)C1CCOC1OC,COC1OCCC1CO
1594,O=C([O-])c1ccccc1,O=C(O)c1ccccc1
1595,COC(=O)C1(C=O)CCCC1,COC(=O)C1(CO)CCCC1
1596,Cc1cc(SC#N)ccc1O,Cc1cc(S)ccc1O
1597,Cc1cc(SC#N)ccc1O,Cc1cc(S)ccc1O
1598,NS(=O)(=O)C1COCCC1=O,NS(=O)(=O)C1COCCC1O
1599,Cn1ccc2cc(C#N)cnc21,Cn1ccc2cc(CN)cnc21
1600,OCc1cncc2ccccc12,OCC1CNCc2ccccc21
1601,N#CCC1C=CC=CC=C1,NCCC1C=CC=CC=C1
1602,CCn1ccc(C(=O)O)n1,CCn1ccc(CO)n1
1603,CCC1C=C(C(=O)OC)CC1,CCC1CCC(C(=O)OC)C1
1604,CCC1CCC(C(=O)OC)C1,CCC1CCC(CO)C1
1605,COCc1ccc(C=O)s1,COCc1ccc(CO)s1
1606,Nc1ncccc1C(=O)O,Nc1ncccc1CO
1607,Nc1ncccc1C(=O)O,Nc1ncccc1CO
1608,COC(=O)c1ccc(C)nc1,COC(=O)C1CCC(C)NC1
1609,NCCCCCCCCCCC(=O)O,CCCCCCCCCCCN
1610,C=C(CC(C)C)C(=O)OCC,C=C(CC(C)C)C(=O)O
1611,Cc1c(O)ccc(C=O)c1O,Cc1ccc(O)c(C)c1O
1612,COc1cccn(C)c1=O,Cn1cccc(O)c1=O
1613,CC1=NCCSc2ccccc21,CC1NCCSc2ccccc21
1614,CC(=O)c1ccccc1,CC(O)c1ccccc1
1615,OCC=Cc1ccccc1,OCCCc1ccccc1
1616,Cn1nccc1C1(O)CCCCC1,Cn1nccc1C1=CCCCC1
1617,CCCCCCCCCCCCCCCCO,CCCCCCCCCCCCCCC
1618,CCCCCCCCCCCCCCCCCCO,CCCCCCCCCCCCCCCCC
1619,CCOC(=O)C1CCC(=O)C1,CCOC(=O)C1CCC(O)C1
1620,CCOC(=O)C1CC1C=O,CCOC(=O)C1CC1CO
1621,COC(=O)C1(C(=O)O)CC1,COC(=O)C1(CO)CC1
1622,COC(=O)C1CCCC(=O)C1,COC(=O)C1CCCC(O)C1
1623,CN(C)C(=N)N=C(N)N,CN(C)C(=N)NC(=N)N
1624,NS(=O)(=O)C1COCCC1=O,NS(=O)(=O)C1COCCC1O
1625,COC(=O)c1ccc(C=NO)s1,COC(=O)c1ccc(C#N)s1
1626,Cn1cccc(O)c1=O,CN1CCCC(O)C1=O
1627,O=CNCCc1ccccc1,CNCCc1ccccc1
1628,CC1(C)C(=NO)CCC1=NO,CC1(C)C(N)CCC1N
1629,CC1(C)C(=NO)CCC1O,CC1(C)C(N)CCC1O
1630,CC1(O)CCC(=NO)C1(C)C,CC1(O)CCC(N)C1(C)C
1631,COc1nccc2ccncc12,COc1nccc2c1CNCC2
1632,Cc1nscc1C(=O)[O-],Cc1nscc1C(=O)O
1633,C=CCc1ccccc1CC(=O)OC,C=CCc1ccccc1CC(=O)O
1634,COC=C1CCN(OC)CC1,CON1CCC(C=O)CC1
1635,N#CC1(O)CCCCC1,NCC1(O)CCCCC1
1636,CCOC(=O)Cc1ccccn1,CCOC(=O)CC1CCCCN1
1637,N#CC1=CCC(=O)CC1,N#CC1=CCC(O)CC1
1638,N#CC1CC2(CCC1=O)CC2,N#CC1CC2(CCC1O)CC2
1639,CC(=O)c1ccccc1C,Cc1ccccc1C(C)O
1640,COc1cccc(C(C)=O)c1,COc1cccc(C(C)O)c1
1641,COc1ccccc1C(C)=O,COc1ccccc1C(C)O
1642,COc1ccc(C(C)=O)cc1,COc1ccc(C(C)O)cc1
1643,CCC(=O)c1ccccc1,CCC(O)c1ccccc1
1644,CCCC(=O)c1ccccc1,CC#CC(O)c1ccccc1
1645,CC(=O)c1cccnc1,CC(O)c1cccnc1
1646,O=C1CCCc2ccccc21,OC1CCCc2ccccc21
1647,CC(=O)c1ccncc1,CC(O)c1ccncc1
1648,CCc1cc(C)ccc1C(=O)OC,CCc1cc(C)ccc1CO
1649,COC(=O)C1COC(C)=N1,COC(=O)c1coc(C)n1
1650,O=C([O-])c1ccccc1,O=C(O)c1ccccc1
1651,CCOCOc1c(C)cccc1C=O,CCOCOc1c(C)cccc1CO
1652,COC(=O)c1cncc(OC)c1,COC(=O)C1CNCC(OC)C1
1653,CCCC/C=C/CC(=O)O,CCCC/C=C/CCO
1654,COc1cncc(OC)c1C=O,COc1cncc(O)c1C=O
1655,CON1CCC(=O)CC1,CON1CCC(O)CC1
1656,Cc1c(O)cccc1C(=O)O,Cc1c(O)cccc1CO
1657,Cn1ccc(C(N)=O)cc1=O,Cn1ccc(C#N)cc1=O
1658,O=CC1CCC(C=O)C1,OCC1CCC(CO)C1
1659,CCP(=O)(O)CCC#N,CCP(=O)(O)CCCN
1660,COc1cscc1CCCS,c1scc2c1CCCS2
1661,Cc1noc(C)c1C=O,Cc1noc(C)c1CO
1662,Cc1ncc(C=O)n1C,Cc1ncc(CO)n1C
1663,CCn1cnc(C)c1C=O,CCn1cnc(C)c1CO
1664,CCn1cnc(C=O)c1C,CCn1cnc(CO)c1C
1665,Cc1ncn(C(C)C)c1C=O,Cc1ncn(C(C)C)c1CO
1666,Cc1nc2ccccn2c1C=O,Cc1nc2ccccn2c1CO
1667,CCn1nccc1C=O,CCn1nccc1CO
1668,CCc1cn(CC)nc1C(=O)OC,CCc1cn(CC)nc1CO
1669,CCc1cnccc1C(=O)OC,CCc1cnccc1CO
1670,CCc1cncc(C(=O)OC)c1,CCc1cncc(CO)c1
1671,COC(=O)c1nc(N)sc1C,COC(=O)c1ncsc1C
1672,CCC=CCCCCCCCC(=O)OC,CCC=CCCCCCCCC(=O)O
1673,Cc1ccc2cn(C)nc2c1C#N,Cc1ccc2cn(C)nc2c1CN
1674,CCc1cccc(CC)c1C=O,CCc1cccc(CC)c1CO
1675,Cn1ccc2ccccc21,CN1CCC2CCCCC21
1676,CC(C)(C#N)c1ccccc1,CC(C)(CN)c1ccccc1
1677,Cc1csc(C(=O)O)c1CO,Cc1csc2c1COC2=O
1678,N#Cc1cccc(CC(O)CO)c1,N#Cc1cccc(CC=O)c1
1680,CC(C)(C)c1ccc(O)cc1,CC(C)(C)C1CCC(O)CC1
1681,CC(C)=CCCC(C)=CC=O,CC(C)=CCCC(C)CC=O
1682,CC(C)=CCCC(C)=CC=O,CC(C)=CCCC(C)CC=O
1683,C=CCOC(C)(C)C(=O)OCC,C=CCOC(C)(C)CO
1685,CCCC(=O)NCC(=O)OCC,CCCC(=O)NCC(=O)O
1686,O=C(O)c1cccc(O)c1,O=C(O)C1CCCC(O)C1
1687,N#CCc1cccnc1,NCCc1cccnc1
1688,COc1cc(C)nc(O)c1C#N,COc1cc(C)nc(O)c1CN
1689,CC(C)=C(C)CCC(C)CC=O,CC(C)=C(C)CCC(C)CCO
1690,CC(C)=CCCC(C)CC=O,CC(C)=CCCC(C)CCO
1691,CC/C=C\CCCC=O,CC/C=C\CCCCO
1692,CC(=O)CCCCC=O,CC(=O)CCCCCO
1693,Cc1nc2ccccn2c1C(N)=O,Cc1nc2ccccn2c1C#N
1694,Cc1nc2sccn2c1C(N)=O,Cc1nc2sccn2c1C#N
1695,C=Cc1ccc(OC(C)=O)cc1,C#Cc1ccc(O)cc1
1696,O=C(O)c1cc(O)ccc1O,O=C(O)c1ccccc1O
1697,CC(C)(O)c1ccccc1,C=C(C)c1ccccc1
1698,Cc1ccc2ccccc2n1,CC1CCc2ccccc2N1
1699,Cc1ccc2ccccc2n1,CC1CCc2ccccc2N1
1700,Cc1ccc2ccccc2n1,CC1CCc2ccccc2N1
1701,OCC1(CO)CC2C=CC1C2,OCC1(CO)CC2CCC1C2
1702,Cc1ncc(C=O)cn1,Cc1ncc(CO)cn1
1703,CC1(C)C=CC(=O)CC1,CC1(C)C=CC(O)CC1
1704,CCP(=O)(O)CCC(=O)[O-],CCP(=O)(O)CCC(=O)O
1705,N#Cc1ccc(C2OCCO2)cn1,N#Cc1ccc(C=O)cn1
1706,CCc1ncncc1C#N,CCc1ncncc1CN
1707,CC1(C)C(=O)CCCC1=O,CC1(C)C(=O)CCCC1O
1708,CC1(C)C(=NO)CCCC1O,CC1(C)C(N)CCCC1O
1709,C=NOCc1ccccc1,CNOCc1ccccc1
1710,C=CNOCc1ccccc1,CCNOCc1ccccc1
1712,COc1cccc(C(=O)O)n1,COc1cccc(CO)n1
1713,C=CC(=O)c1cccs1,O=C1CCc2ccsc21
1714,O=C(O)CCC=Cc1ccsc1,O=C(O)CCCCc1ccsc1
1715,CC1(C)CC(C=O)CCO1,CC1(C)CC(CO)CCO1
1716,COc1cc(C#N)ccn1,COc1cc(CN)ccn1
1717,c1ccc2cnncc2c1,NCc1ccccc1CN
1718,c1cn2cnnc2cn1,c1nnc2n1CCNC2
1719,COC(=O)CN=Cc1ccccc1,COC(=O)CNCc1ccccc1
1720,CCN1Cc2cccnc2C1,CCN1CC2CCCNC2C1
1721,c1cnc2c(c1)OCCC2,C1COC2CCCNC2C1
1722,CC(CCO)CC1=CCCCC1,CC(CCO)CC1CCCCC1
1723,Cc1nc(C)c(CC(=O)O)s1,Cc1nc(C)c(CCO)s1
1724,Cc1ccc(CC(=O)O)s1,Cc1ccc(CCO)s1
1725,COc1cc(C(=O)O)ccn1,COc1cc(CO)ccn1
1726,COc1cccc(N)c1C(=O)O,COc1cccc(N)c1CO
1727,CCCCCCCCCCCC(=O)OC,CCCCCCCCCCCC(=O)O
1728,CNc1cc(C)nc(O)c1C#N,CNc1cc(C)nc(O)c1CN
1729,COc1ccc2c(c1)CCNC2=O,COc1ccc2c(c1)CCNC2
1730,Cc1coc2ccc(O)cc12,CC1COc2ccc(O)cc21
1731,Nc1cc(OCC2CC2)ncn1,Nc1cc(OC2CCC2)ncn1
1732,CN(C)c1ccc(C#N)cc1,CN(C)c1ccc(CN)cc1
1733,C=Cc1ccc(OC(C)=O)cc1,C=Cc1ccc(O)cc1
1734,Cc1cccc2nc(S)sc12,Cc1cccc2ncsc12
1735,COCCOCC(C)(C)C(=O)OC,COCCOCC(C)(C)C(=O)O
1736,CCOCCCC(=O)OCC,CCOCCCC(=O)O
1737,CCc1nc(C)sc1C(=O)O,CCc1nc(C)sc1CO
1738,Cc1cccc(C=O)c1O,O=Cc1ccccc1O
1739,CC(CC(=O)O)c1ccccc1,CC1CC(=O)c2ccccc21
1740,CNc1ccc(C(=O)OC)cc1,CNc1ccc(CO)cc1
1741,COC(=O)c1cncc(C)c1,COC(=O)C1CNCC(C)C1
1742,Cc1c(O)cccc1C(=O)O,Cc1c(O)cccc1CO
1743,Nc1ccc(C2=CSCC2)cn1,Nc1ccc(C2CCSC2)cn1
1744,Cc1cccc(/C=N/O)n1,Cc1cccc(CN)n1
1745,O=C1CNc2ccccc2N1,c1ccc2c(c1)NCCN2
1746,N#CCCNC1CCC1,NCCCNC1CCC1
1747,N#CCCNC1CCCC1,NCCCNC1CCCC1
1748,CCCCCCCCC#CCCO,CC#CCCCCCCCCCO
1749,CCCCCCCCCCCCC#CCO,C#CCCCCCCCCCCCCCO
1750,C=CCCc1ccccc1C=O,C=CCCc1ccccc1CO
1751,C=CCCc1cccc(C=O)c1,C=CCCc1cccc(CO)c1
1752,CC(C(=O)O)C(C)C(=O)O,CC1C(=O)OC(=O)C1C
1753,N#CCCCN1CCOCC1,NCCCCN1CCOCC1
1754,CN(C)CCCCNC=O,CNCCCCN(C)C
1755,COC1(OC)CC(=O)NC1=O,COC1=CC(=O)NC1=O
1756,COc1ccccc1C(C)C(=O)O,COc1ccccc1C(C)CO
1757,Cc1ccncc1C(=O)O,CC1CCNCC1C(=O)O
1758,O=C(O)c1cccc(CS)c1,O=C(O)c1ccccc1
1759,N#CC1CC2C=CC1O2,N#CC1CC2CCC1O2
1760,C=C(C)C(=O)OCCOC,C=C(C)C(=O)OCCO
1761,COc1ccc(O)cc1,COC1CCC(O)CC1
1762,O=C(O)Cc1cccnc1,O=C(O)CC1CCCNC1
1763,CCC(C)(O)CCc1ccccc1,CCC(C)(O)CCC1CCCCC1
1764,CSc1ccc(C#N)cc1C,CSc1ccc(CN)cc1C
1765,CC(C)(C)Sc1ccccc1C#N,CC(C)(C)Sc1ccccc1CN
1766,CC1(O)CCC(=O)CC1,CC1(O)CCC(O)CC1
1767,Cc1ccc(C#N)nc1C,Cc1ccc(CN)nc1C
1768,Cc1nc(C=NO)sc1C,Cc1nc(CN)sc1C
1769,CC1(C)CC(C#N)=CC1=O,CC1(C)CC(C#N)=CC1O
1770,Cc1ncc(C(=O)O)cn1,Cc1ncc(CO)cn1
1771,COc1cccc(CC#N)n1,COc1cccc(CCN)n1
1772,CCOC(C)(C)C(=O)OC,CCOC(C)(C)C(=O)O
1773,Oc1cccc2ccccc12,c1ccc2ccccc2c1
1774,N#CC1CCc2nc(N)sc21,N#CC1CCc2ncsc21
1775,COC(=O)C1CSCCC1=O,COC(=O)C1CSCCC1O
1776,CCOC(=O)C1(C#N)CC1,CCOC(=O)C1(CN)CC1
1777,C=CCC(=O)C1(C)CC1,C=CCC(O)C1(C)CC1
1778,C=CCC(=O)CC1CC1,C=CCC(O)CC1CC1
1779,Oc1cccc2ccccc12,c1ccc2ccccc2c1
1780,CCOC(=O)C(C)(C)C#N,CCOC(=O)C(C)(C)CN
1781,CCC(C#N)C(=O)OC,CCC(CN)C(=O)OC
1782,COC(=O)c1coc2ncccc12,COC(=O)C1COc2ncccc21
1783,CC=C1CCCC(C)(C)C1=O,CCC1=CCCC(C)(C)C1=O
1786,O=CCCc1ccccc1,OC#CCc1ccccc1
1787,COc1ccc(C=O)cc1,COc1ccc(CO)cc1
1788,COc1ccc(C(C)=O)cc1,COc1ccc(C(C)O)cc1
1789,CC1CCC(=O)C(O)C1,Cc1ccc(O)c(O)c1
1790,CCOC(=O)C1(C#N)CC1,CCOC(=O)C1(CN)CC1
1791,N#CCN1CCOCC1,NCCN1CCOCC1
1792,N#CCCCN1CCOCC1,NCCCCN1CCOCC1
1793,O=C(O)CCc1ccco1,O=C(O)CCC1CCCO1
1794,O=C(O)CCC1CCCO1,OCCCC1CCCO1
1795,COC(=O)C1CCC(C)C1=O,COC(=O)C1CCC(C)C1O
1796,CN1CCC(C)(C(=O)O)CC1,CN1CCC(C)(CO)CC1
1797,CCC=CCCC(O)CCC(C)O,CCC=CCCC1CCC(C)O1
1798,Cn1ncc2c1CCCC2=O,Cn1ncc2c1CCCC2O
1799,N#CC1=C(N)CCCC1,N#CC1CCCCC1N
1800,CC(C)Sc1ncccc1C(=O)O,CC(C)Sc1ncccc1CO
1801,CCCCSc1ncccc1C(=O)O,CCCCSc1ncccc1CO
1802,CCN1CCN(CC(=O)OC)CC1,CCN1CCN(CC(=O)O)CC1
1803,C=Cc1ccc(OC(C)=O)cc1,C=Cc1ccc(O)cc1
1804,O=C1Cc2ccccc2C1,OC1Cc2ccccc2C1
1805,COc1ccc(C=O)cc1OC,COc1ccc(C)cc1OC
1806,O=C(O)Cc1cccnn1,OCCc1cccnn1
1807,O=C(O)CCC1CCCC1,OCCCC1CCCC1
1808,COc1ccc(CNO)cc1,ONCc1ccccc1
1809,COc1cccc2sncc12,Oc1cccc2sncc12
1810,CCCCC=CCCCCCCCC(=O)O,CCCCCC=CCCCCCCC(=O)O
1811,COC1C=CSC1C#N,COc1ccsc1C#N
1812,O=C1CC2CC(=O)CC2C1,O=C1CC2CC(O)CC2C1
1813,O=CC1CC2C=CC1C2,OCC1CC2C=CC1C2
1814,CCCCCC(=O)CC,CCCCCC(O)CC
1815,C=CCN1CCOCC1,CC=CN1CCOCC1
1816,CON=Cc1ccccc1,CONCc1ccccc1
1817,O=C(O)CCCCC(S)CCS,O=C(O)CCCCC1CCSS1
1818,CC(C)Nc1ccc(N=O)cc1,CC(C)Nc1ccc(N)cc1
1819,Oc1cccc2cccnc12,Oc1cccc2c1NCCC2
1820,COCC(C)(C)c1ccncc1,COCC(C)(C)C1CCNCC1
1822,CCOC(=O)C1CCCCC1=O,CCOC(=O)C1CCCCC1O
1823,CCCCCCCCCCO,CCCCCCCCC
1824,O=c1ccc2ccc(O)cc2o1,O=C1CCc2ccc(O)cc2O1
1826,Oc1cccnc1CN1CCCC1,OC1CCCNC1CN1CCCC1
1827,N#Cc1cccc2c1CCC2O,N#Cc1cccc2c1CCC2
1828,CCOC(=O)C1CCCCC1=O,CCOC(=O)C1CCCCC1O
1829,N#Cc1cccc2nnsc12,NCc1cccc2nnsc12
1830,CCOC(=O)C(C#N)=NO,CCOC(=O)C(N)C#N
1832,C=CC1CC2C=CC1C2,C1=CCC2CCCC2=C1
1833,Nc1cccc(N)c1NCCO,Nc1cccc2c1NCCN2
1834,COC(=O)CCCCCCC(=O)O,COC(=O)CCCCCCCO
1835,COC(=O)CCCCCCC(=O)O,COC(=O)CCCCCCCO
1836,O=C(O)Cc1ccncc1,O=C(O)CC1CCNCC1
1837,CCCC[C@](N)(CC)CO,CCCC[C@]1(CC)CN1
1838,O=C(O)Cc1ccncc1,O=C(O)CC1CCNCC1
1839,C#CC1(O)CN2CCC1CC2,C=CC1(O)CN2CCC1CC2
1840,OCCn1ccc2c(O)cccc21,OCCN1CCc2c(O)cccc21
1841,O=C(O)Cc1ccncc1,O=C(O)CC1CCNCC1
1842,COc1ccsc1.O=C=O,COc1ccsc1C(=O)O
1843,O=C1Cc2ccccc2C1,C1=Cc2ccccc2C1
1844,O=C(O)Cc1ccncc1,O=C(O)CC1CCNCC1
1845,CCOC(=O)C(C#N)=NO,CCOC(=O)C(N)C#N
1846,N#Cc1ccnc(C=O)c1,Cc1ccnc(C=O)c1
1847,COc1ccccc1OCC#N,COc1ccccc1OCCN
1848,O=C(O)Cc1ccncc1,O=C(O)CC1CCNCC1
1849,N#CC=Cc1cccnc1,N#CCCc1cccnc1
1850,CCOC(=O)CCCC(C)C,CC(C)CCCC(=O)O
1852,O=C1Cc2ccccc2C1,C1=Cc2ccccc2C1
1853,Cc1cccc(C)c1C(=O)O,Cc1cccc(C)c1CO
1854,Cc1sccc1C(=O)[O-],Cc1sccc1C(=O)O
1855,Cc1cccc(C)c1C(=O)O,Cc1cccc(C)c1CO
1856,COc1cccc2c1ccn2N,Oc1cccc2nnccc12
1857,NCc1cccc(CN)c1,NCC1CCCC(CN)C1
1864,O=C(O)CCc1cccs1,O=C1CCc2sccc21
1865,CCOC(=O)C(C#N)=NO,CCOC(=O)C(N)C#N
1866,CCOC(=O)C(C#N)=NO,CCOC(=O)C(N)C#N
1867,c1ccc2ocnc2c1,CNc1ccccc1O
1868,COC(=O)CCCCCCC(=O)O,COC(=O)CCCCCCCO
1869,CCOC(=O)CC(=O)CC,CCOC(=O)CC(O)CC
1870,O=C(O)Cc1ccncc1,O=C(O)CC1CCNCC1
1871,COc1cccc2sncc12,Oc1cccc2sncc12
1872,Nc1ccc2c(c1)CCC2O,Nc1ccc2c(c1)CC=C2
1873,CCOC(=O)C1(C#N)CCC1,CCOC(=O)C1(CN)CCC1
1874,c1ccc2ocnc2c1,CNc1ccccc1O
1875,C=CCC(C)C(O)CC(=O)OC,C=CCC(C)C(O)CC(=O)O
1876,O=C(O)CCC1CCOC1,OCCCC1CCOC1
1877,COC1CCCN(CC#N)C1,COC1CCCN(CCN)C1
1878,Cc1cccc(C)c1C(=O)O,Cc1cccc(C)c1CO
1879,C=C1CC(C#N)(COC)C1,C=C1CC(C#N)(CO)C1
1880,CCOC(=O)C(C#N)=NO,CCOC(=O)C(N)C#N
1881,CC(C)CC(C)c1ccccc1N,CC(C)CC(C)C1CCCCC1N
1882,CCOC(=O)c1cnccc1C,CCOC(=O)C1CNCCC1C
1883,NC(=O)c1ccnc(N)c1,NC(=O)c1ccncc1
1884,CC(C)(O)COCC1CO1,CC1(C)COCC(CO)O1
1887,CCOC(=O)C(N=O)C(=N)N,CCOC(=O)C(N)C(=N)N
1888,COC12CCC(CC1)CC2=O,COC12CCC(CC1)CC2
1889,C=CCOCCOCC(=O)OC,C=CCOCCOCCO
1890,COc1nc(CO)cc(C)c1C#N,COc1nc(CO)cc(C)c1CN
1891,C=CCCCCCCCC(=O)OC,C=CCCCCCCCC(=O)O
1892,O=C([O-])c1ccccn1,O=C(O)c1ccccn1
1893,NC(=S)c1sccc1N,Nc1snc2ccsc12
1894,CC(=O)c1ccccc1O,CC(O)c1ccccc1O
1895,CCOC(=O)C(C#N)=NO,CCOC(=O)C(N)C#N
1896,N#Cc1ccc(CC=O)nc1,N#Cc1ccc(CCO)nc1
1897,CCCCOP(=O)(CC)CCC#N,CCCCOP(=O)(CC)CCCN
1898,COc1nc(C)cc(C)c1C#N,COc1nc(C)cc(C)c1CN
1899,C=CCCCCCCCC(=O)OC,C=CCCCCCCCC(=O)O
1900,N#Cc1cccc2ccnn12,NCc1cccc2ccnn12
1901,C=CCCCCCCCCC=O,C=CCCCCCCCCCO
1902,CN(CC(=O)O)CC(=O)O,CN1CC(=O)OC(=O)C1
1903,CCn1ccc2c(C=O)cccc21,CCn1ccc2c(CO)cccc21
